SMILES,similarity
c1ccc(N(c2cccc3ccccc23)c2cccc3c2sc2ccccc23)cc1,0.942794639511806
c1ccc(N(c2ccccc2)N(c2ccccc2)c2cccc3ccccc23)cc1,0.9380054391763584
c1ccc(N(c2ccccc2)c2ccc(-n3nnc4ccccc43)cc2)cc1,0.9311808515793776
c1ccc(-c2ccc(-c3ccccc3)c3c2oc2ccccc23)cc1,0.9265486452006276
c1ccc(-c2nccn2-c2ccc3c(c2)sc2ccccc23)cc1,0.9264718692247804
c1ccc(N(c2ccccc2)c2cccc3c(-c4ccco4)cccc23)cc1,0.9254284562856552
c1ccc(N(c2ccccc2)c2ccc(CCc3cccc4ccccc34)cc2)cc1,0.924871169519427
c1ccc(N(c2ccccc2)c2ccc(-c3ccc4[nH]ccc4c3)cc2)cc1,0.92149067239209
c1ccc(N(c2ccccc2)c2ccccc2-n2c3ccccc3c3ccccc32)cc1,0.921217342217188
c1ccc(N(c2ccccc2)c2ccc(-c3nc4ccccc4o3)cc2)cc1,0.9209649131633602
c1ccc(N(c2ccccc2)c2cccc3c2Sc2ccccc2O3)cc1,0.920051723444994
c1ccc(Cc2c(-c3ccccc3)n(-c3ccccc3)c3ccccc23)cc1,0.919857801178768
c1ccc(N(c2ccccc2)c2ccc(-c3nc4ccccc4[nH]3)cc2)cc1,0.9196490510847728
Brc1ccc(N(c2ccccc2)c2ccc(-c3ccccc3)c3ccccc23)cc1,0.9191837883282106
c1ccc([C+](c2ccccc2)C2c3ccccc3-c3ccccc32)cc1,0.918597225926332
c1ccc(P(c2ccccc2)N2C3CCC2c2ccccc23)cc1,0.9182257595317712
c1ccc(N(c2ccccc2)c2ccc3c4c(cccc24)-c2ccccc2-3)cc1,0.9174594467400984
c1ccc(N(c2ccccc2)c2ccc(-p3ccc4ccccc43)cc2)cc1,0.916842550217061
c1ccc(Nc2c(-c3ccccc3)c(-c3ccccc3)nc3ccccc23)cc1,0.9159234778548312
c1ccc(N(c2ccccc2)c2cccc3cc4ccc5ccccc5c4cc23)cc1,0.9157945304373074
c1ccc(P(c2ccccc2)c2c(-c3nccc4ccccc34)ccc3ccccc23)cc1,0.9155278976513064
c1ccc(-c2c(-c3cccc4ccccc34)cn3ccccc23)cc1,0.91226058028742
c1ccc(Nc2ccc3c(c2)oc2cc(-c4ccccc4)ccc23)cc1,0.9122151412596924
c1ccc(P(c2ccccc2)c2cc3ccccc3c3ccccc23)cc1,0.911940969095463
Oc1ccc(C(c2ccccc2)c2c(-c3ccccc3)[nH]c3ccccc23)cc1,0.911657039750001
c1ccc(-n2c3ccccc3c3cc4c(cc32)[nH]c2ccccc24)cc1,0.9111210602590096
c1ccc(Sc2c(-c3cccc4ccccc34)ncc3ccccc23)cc1,0.9111165148054124
Cc1cccc(N(c2ccccc2)c2cccc3c2sc2ccccc23)c1,0.911057188682138
c1ccc(Nc2c3ccccc3nc3ccc(-c4ccccc4)cc23)cc1,0.9106439774820922
c1ccc(-n2c3ccccc3c3c4c(ccc32)[nH]c2ccccc24)cc1,0.9104722497357588
c1ccc(N(c2ccccc2)c2cccc(-c3ccco3)c2)cc1,0.910412487965266
c1ccc(Nc2cccc(-c3cccc4c3sc3ccccc34)c2)cc1,0.9103964706359294
c1ccc(N(Cc2c3ccccc3cc3ccccc23)c2ccccc2)cc1,0.9099427196048268
c1ccc(Cc2oc3c(ccc4ccccc43)c2-c2ccccc2)cc1,0.9097722241921488
c1ccc(NN(Nc2ccc3ccccc3c2)c2cccc3ccccc23)cc1,0.9095810080528596
c1ccc(C23OC2(c2ccccc2)c2ccccc2-c2ccccc23)cc1,0.9094603388939226
c1ccc(-c2cccc3c2oc2c(-c4ccccc4)cccc23)cc1,0.9094031190622428
c1ccc(-c2cnc(-c3ccccn3)c3c2ccc2ccccc23)cc1,0.9092739278422384
c1ccc(-c2ccccc2Nc2ccc3c(c2)sc2ccccc23)cc1,0.9091722250533184
c1ccc(N(c2ccccc2)c2ccc(-c3c4ccccc4nc4ccccc34)cc2)cc1,0.9089066601711956
Cc1ccc(N(c2ccccc2)c2cccc(-c3ccccc3)c2)cc1,0.9088465715245896
c1ccc(N(c2ccccc2)c2ccc(-c3ccco3)cc2)cc1,0.9085243198161722
c1ccc(P(c2ccccc2)c2ccc(COCCCCCCCCCCCCCC3=NCCO3)cc2)cc1,0.9085153175231776
c1ccc([Si](Oc2cccc3cccnc23)(c2ccccc2)c2ccccc2)cc1,0.908351665050602
OBOc1ccc(N(c2ccccc2)c2ccc(-c3ccccc3)cc2)cc1,0.9077063175324288
Cc1ccc(-c2ccc3c(c2)oc2cc(-c4ccccc4)ccc23)cc1,0.9075781666948416
c1ccc(-c2c3ccccc3c(Sc3cccc4ccccc34)c3ccccc23)cc1,0.9072968405643904
c1ccc(N(c2ccccc2)c2ccc3sc4ccc5ccccc5c4c3c2)cc1,0.9071799295950218
c1cc(Nc2cccc3ccccc23)cc(-c2cccc3c2oc2ccccc23)c1,0.9069108083731624
c1ccc(N(c2cccc3c2Sc2ccccc2S3)c2cccc3ccccc23)cc1,0.906574234716762
c1ccc(P(c2ccccc2)c2ccccc2-n2c3ccccc3c3ccccc32)cc1,0.9063040622343936
c1ccc(-n2c3ccccc3c3c4c(ccc32)sc2ccccc24)cc1,0.905975876643402
c1ccc(P(c2ccccc2)c2ccc3c4c(cccc24)CC3)cc1,0.9053555964199912
Brc1ccc(N(c2ccccc2)c2ccc3ccccc3c2)cc1,0.9052556680244984
c1ccc(N(c2ccccc2)c2ccc([N+](c3ccccc3)c3ccccc3)cc2)cc1,0.905180627487248
COc1ccc(N(c2ccccc2)c2ccc3cc(C)ccc3c2)cc1,0.9051007731631904
c1ccc(Oc2ccc(-c3ccccc3)c3c2-c2ccccc2-3)cc1,0.905056102417253
c1ccc(-c2cc(-c3cc4ccccc4o3)nc3ccccc23)cc1,0.9048607316696492
c1ccc(N(c2ccccc2)c2cccc(Nc3cccc4ccccc34)n2)cc1,0.904640082410425
c1ccc(N(c2ccccc2)c2ccc3ccc4c5ccccc5ccc4c3c2)cc1,0.9045605132457012
c1ccc(P(c2ccccc2)c2c3ccccc3cc3ccccc23)cc1,0.9041078920326424
c1ccc(C(c2ccccc2)c2cc3ccccc3c3ccccc23)cc1,0.9038926094982204
Brc1ccc(-c2ccc3c(c2)sc2ccc4ccccc4c23)cc1,0.9037036636485992
c1ccc(-c2ccccc2Nc2c(-c3ccccc3)ccc3ccccc23)cc1,0.9036525462984114
c1ccc(-c2c(-c3ccc4ccccc4c3)cnc3ccccc23)cc1,0.9036323397978157
c1ccc(P(c2ccccc2)c2cccc3c(-c4cccc5ccccc45)cccc23)cc1,0.9036265381576882
Brc1ccc(N(c2ccccc2)c2ccc(-c3nccc4ccccc34)cc2)cc1,0.9035055434215442
c1ccc(Nc2cc3ccccc3c3c2oc2c(C4CCCCC4)cccc23)cc1,0.9034257093134817
Brc1cccc(-c2ccc3c(c2)oc2cc4ccccc4cc23)c1,0.9033359422414572
c1ccc(P(c2ccccc2)c2cccc(-c3ccn[nH]3)c2)cc1,0.9033032524437136
c1ccc(Sc2cccc3sc4cccc(-c5ccccc5)c4c23)cc1,0.903275414729164
c1ccc(Sc2c(-c3ccccc3)[s+](-c3ccccc3)c3ccccc23)cc1,0.9029261982918816
Brc1ccc(N(c2ccccc2)c2cc3ccccc3c3ccccc23)o1,0.902704115212248
c1ccc(Nc2ccc(-c3cccc4c3oc3ccccc34)cc2)cc1,0.902540242639018
c1ccc(C2CO2)c(-c2cc3ccccc3c3ccccc23)c1,0.9022825181935752
c1ccc(-c2[nH]c3c(ccc4ccccc43)c2-c2ccccc2)cc1,0.9015832812483188
c1ccc(N(c2ncncn2)c2ccc3c4c(cccc24)-c2ccccc2-3)cc1,0.9014275299685378
Brc1cccc(N(c2ccccc2)c2ccc(-c3cccc4ccccc34)cc2)c1,0.9009612183058944
c1ccc(N(c2csc3ccccc23)c2csc3ccccc23)cc1,0.9008777895023724
Cc1cccc(N(c2ccccc2)c2ccc3oc4ccccc4c3c2)c1,0.9007302876199909
c1ccc(-c2nc(-c3ccc4ccccc4c3)cc3ccccc23)cc1,0.9006632387370739
Cc1cccc(N(c2ccccc2)c2ccc(-c3ccccc3)cc2)c1,0.9000267262714188
c1ccc(-c2ccc(-c3cccc4c3sc3ccccc34)cc2)cc1,0.8998701640825432
c1ccc(-c2c3ccccc3c(-c3ccccc3)c3onnc23)cc1,0.8997257983925198
c1ccc([P+](Cc2noc3ccccc23)(c2ccccc2)c2ccccc2)cc1,0.8995058500102215
c1ccc(N(c2ccccc2)c2cccc(-c3ccc4sc5ccccc5c4c3)c2)cc1,0.8994312135352568
c1ccc(C(NNCc2cccc3ccccc23)(c2ccccc2)c2ccccc2)cc1,0.8994136365508114
c1ccc(-c2cc(-c3cccc4ccccc34)nc3ccccc23)cc1,0.8993134299075218
c1ccc(NB(Nc2ccccc2)N(c2ccccc2)c2ccccc2)cc1,0.8992144794487122
c1ccc(CN(N=C2c3ccccc3-c3ccccc32)c2ccccc2)cc1,0.899202833446922
c1ccc(-c2cccc(-c3cccc4cc5ccccc5cc34)c2)cc1,0.8990788883893626
COc1ccc(Cc2c(-c3ccccc3)[se]c3ccccc23)cc1,0.8990273513312159
c1ccc(P(CCCCc2ccc3ccc4cccc5ccc2c3c45)c2ccccc2)cc1,0.8989209443636231
c1ccc(N(c2ccccc2)c2ccc3ccc4ccncc4c3c2)cc1,0.8988637459856801
c1ccc(C2(c3ccccc3)OC3c4ccccc4OCN3c3ccccc32)cc1,0.8988513997392298
Brc1ccc(N(c2ccccc2)c2ccc(-c3ccc4ccccc4c3)cc2)cc1,0.8988457403877091
c1ccc(C(=C2c3ccccc3-c3ccccc32)c2cccnc2)cc1,0.8987898710039051
Cc1ccc(N(c2cccc(C)c2)c2cc3ccccc3c3ccccc23)cc1,0.8985326590706785
OBOc1ccc(-c2ccc3c(c2)c2ccccc2n3-c2ccccc2)cc1,0.8983690493004118
c1ccc(COC(=Nc2ccccc2)c2ccc(-c3ccccc3)cc2)cc1,0.8980468455970575
c1ccc(-c2ccc3c(c2)c2ccccc2n2c4ccccc4nc32)cc1,0.8980180110363194
c1ccc(-c2ccc(N(c3ccccc3)c3ccccc3)c3ccccc23)cc1,0.8979848369161512
Oc1ccc(-c2ccccc2)c(-c2cccc3c2oc2ccccc23)c1,0.8979239438017379
c1ccc([P+](Nc2cccc3ccccc23)(c2ccccc2)c2ccccc2)cc1,0.8978802095532433
Brc1ccc(-c2cc3ccccc3c3c2sc2ccccc23)cc1,0.8978172481542502
c1ccc(N(Sc2nc3ccccc3s2)c2ccccc2)cc1,0.8977864089400591
c1ccc(P(c2ccccc2)c2ccc(-c3ccccn3)s2)cc1,0.8976934732722294
c1ccc(P(=Nc2nc3ccccc3s2)(c2ccccc2)c2ccccc2)cc1,0.8976372674220917
c1ccc(C(Sc2c[nH]c3ccccc23)(c2ccccc2)c2ccccc2)cc1,0.8974971348371896
c1ccc(COc2c(-c3ccccc3)cc(-c3ccccc3)c3cccnc23)cc1,0.89723325015369
c1ccc(P(c2ccccc2)c2c3ccsc3cc3ccsc23)cc1,0.8969999831458031
c1ccc(-c2ccc(-c3cc4ccccc4n4cccc34)cc2)cc1,0.8967926872267307
c1ccc(-c2ccc(N3c4ccccc4Sc4ccccc43)s2)cc1,0.8967033346268307
c1ccc(C2N(c3ccccc3)c3ccccc3N2c2ccccc2)cc1,0.8965471822347585
COc1ccc(-c2c(C)cc(-c3ccccc3)c3ccccc23)cc1,0.8964209891915238
c1ccc(C(c2ccccc2)c2ccc(-c3nc4ccccc4s3)cc2)cc1,0.8962459688701284
c1ccc(C(Oc2cccc3ccccc23)(c2ccccc2)c2ccccc2)cc1,0.8960153344674519
c1ccc(N(c2ccccc2)c2ccccc2N(c2ccccc2)c2ccccc2)cc1,0.895903318622034
c1ccc([Sn](Sc2nc3ccccc3s2)(c2ccccc2)c2ccccc2)cc1,0.895842242801776
c1ccc(N(c2ccccc2)c2ccc(OC3CCCCO3)cc2)cc1,0.8958014319017359
COc1ccc(-c2c(C)oc3c2ccc2ccccc23)cc1,0.8957778873559696
c1ccc(-c2cccc(-c3cccc4c3oc3nc5ccccc5n34)c2)cc1,0.8951502311949544
COc1ccc(-c2cccc3c2[nH]c2ccccc23)c(-c2ccccc2)c1,0.8950916787592206
c1ccc(N(CCCCCCCCN(c2ccccc2)c2ccccc2)c2ccccc2)cc1,0.8949049515276792
Clc1ccc(N(c2ccccc2)c2ccc(-c3cccnc3)cc2)cc1,0.8948104478074181
c1ccc(N(c2ccccc2)c2nccn2-c2ccccc2)cc1,0.8947829440413599
Fc1ccc(-c2c3ccccc3c(-c3ccccc3)c3ccccc23)cc1,0.8946181574434202
O=Cc1ccc(N(c2ccccc2)c2ccc(-c3ccccc3)cc2)cc1,0.8945178138615026
Cc1cccc(N(c2ccccc2)c2ccc3c(c2)Cc2ccccc2-3)c1,0.8944466824456434
c1ccc(-c2cccc(-c3ccnc4c3oc3ccccc34)c2)cc1,0.8943362003788228
c1ccc(N(c2ccccc2)c2cccc([S+](c3ccccc3)c3ccccc3)c2)cc1,0.8942663736085681
c1ccc(Nc2nc3ccccc3n3cc(-c4ccccc4)cc23)cc1,0.8942512041921569
c1ccc(-c2ccccc2-n2c3ccccc3c3ccccc32)cc1,0.8942448212078488
c1ccc(Cn2c3ccccc3n3cc(-c4ccccc4)cc23)cc1,0.8942106180023772
Cc1ccc(N(c2ccc(C)cc2)c2cccc3cc4ccccc4cc23)cc1,0.8938756942491786
c1ccc(C2(c3ccccc3)CC3=C2c2ccccc2Nc2ccccc23)cc1,0.8938620950812745
c1ccc(-c2ccc3c(c2)sc2c4ccccc4sc32)cc1,0.8938488886011725
c1ccc(Nc2cccc3c2oc2c(C4CCCCC4)c4ccccc4cc23)cc1,0.8938330776758034
[S-]c1ccc(N(c2ccc3ccccc3c2)c2cccc3ccccc23)cc1,0.8936789065691166
c1ccc(-c2cccc3c4c(ccc23)-c2c(ccc3ccccc23)OC4)cc1,0.8935624791332943
c1ccc(-c2c3ccccc3c(-c3ccccc3)c3ccccc23)cc1,0.8935441263002981
c1ccc(C2(c3cccc4ccccc34)c3ccccc3-c3ccccc32)cc1,0.8933964382499954
Brc1cc(N(c2ccccc2)c2ccccc2)cc2c1oc1ccccc12,0.8933863733085443
c1ccc(P(c2ccccc2)C2c3ccccc3CCc3ccccc32)cc1,0.8932437937216846
c1ccc(N2Cc3ccc4ccccc4c3-c3c(ccc4ccccc34)C2)cc1,0.8932012390061133
c1ccc(C2(n3cnnc3)c3ccccc3-c3ccccc32)cc1,0.8931379718072976
c1ccc(Cn2cc(-c3cc4ccccc4o3)c3ccccc32)cc1,0.8930940671631595
c1ccc(NC(Nc2ccccc2)N(c2ccccc2)c2ccccc2)cc1,0.8930610309540893
c1ccc(Oc2c(-c3ccccc3)ccc3ccoc23)cc1,0.8930550690997509
c1ccc(CCC2[Se]C3c4ccccc4C2c2ccccc23)cc1,0.8929067677978997
c1ccc(N(CCCN(c2ccccc2)c2ccccc2)c2ccccc2)cc1,0.8928871346863555
c1ccc(P(c2ccccc2)c2ccc(C3OCCCO3)cc2)cc1,0.8927898454452572
c1ccc(P(c2ccccc2)c2cccc(-c3cccs3)n2)cc1,0.8927133820991789
c1ccc(Cc2oc3ccccc3c2-c2ccc(-c3ccccc3)cc2)cc1,0.8926962797227748
c1ccc(CN(c2ccccc2)N(Cc2ccccc2)c2ccccc2)cc1,0.8923415826085006
c1ccc(N(CCCCCCCCCN(c2ccccc2)c2ccccc2)c2ccccc2)cc1,0.892239133285793
c1ccc(S23c4ccccc4-c4ccccc4N2c2ccccc2-c2ccccc23)cc1,0.8921855701985909
c1ccc(-c2nc(-c3ccccc3)c3c(n2)[nH]c2ccccc23)cc1,0.8920314094349884
c1ccc(CN(Cc2ccccc2)c2[nH]cc3ccccc23)cc1,0.8920023119434304
c1ccc(P(c2ccccc2)N(c2ccccn2)c2ccccn2)cc1,0.8919998669635262
c1ccc(-c2[nH]c3cc4ccccc4cc3c2-c2ccccc2)cc1,0.891966646218803
c1ccc(P(c2ccccc2)c2cc3ccc4ccccc4c3o2)cc1,0.8918339314714857
c1ccc([P+](CCc2cccc3ccccc23)(c2ccccc2)c2ccccc2)cc1,0.891768240270584
Cc1ccc(Oc2c(-c3ccc4ccccc4c3)cn3ccccc23)cc1,0.8917431513460212
c1ccc(-c2ccc3c(c2)nnc2cc(-c4ccccc4)ccc23)cc1,0.8916855181694399
c1ccc(N(c2ccccc2)c2cccc3cnccc23)cc1,0.8915693522534802
c1ccc(-c2cnc(-c3cccc4ccccc34)c3ccccc23)cc1,0.8912713218621304
c1ccc(-c2ccc(-c3cccc4c3sc3nc5ccccc5n34)cc2)cc1,0.8912102656030984
c1ccc(-c2c(-c3cccs3)c3ccccc3c3ccccc23)cc1,0.8911458239673882
Oc1ccc(Nc2nc(-c3ccccc3)nc3c2oc2ccccc23)cc1,0.8905704719835432
Cc1ccc(Nc2ccccc2-c2ccc3c(c2)sc2ccccc23)cc1,0.8905198084485084
OBOc1cccc(-c2ccc3c(c2)c2ccccc2n3-c2ccccc2)c1,0.8904977672418419
COc1ccc(-c2c(-c3ccccc3)n(C)c3ccccc23)cc1,0.8904406681572962
c1ccc(N(Nc2cccc3ccccc23)c2cccc3ccccc23)cc1,0.890438888103516
c1ccc(N=Nc2cccc(-c3ccccc3)c2-c2ccccc2)cc1,0.8903629458001066
c1ccc(N(c2ccccc2)c2cccc3c2oc2c(-n4cccn4)cccc23)cc1,0.8903555965762784
c1csc(-c2c3ccccc3cc3c2sc2ccccc23)c1,0.8903489798575658
C1=CC(c2ccccc2-c2ccc3c(c2)[nH]c2ccccc23)=CCC1,0.890268284409105
c1ccc(CSC(c2ccccc2)c2c[nH]c3ccccc23)cc1,0.890186881354397
c1ccc(-c2ccc(N3c4ccccc4Nc4ccccc43)cc2)cc1,0.8900908476887504
c1ccc(-c2nc3c4ccccc4c4ccccc4c3c3ccccc23)cc1,0.889954654264174
c1ccc(-c2c(-c3ccccc3)c3ccnn3c3ccccc23)cc1,0.8896959261078872
COc1ccc(-c2ccc3ccccc3c2-c2cccc3ccccc23)cc1,0.8896005688168296
c1ccc(CN=c2cc(-c3ccccc3)cc(-c3ccccc3)o2)cc1,0.8895005292183259
c1ccc(-c2cccc(-n3c4ccccc4c4c5sccc5ccc43)c2)cc1,0.8893886335119519
c1ccc(N(c2ccccc2)N2CCC[S+]2c2ccccc2)cc1,0.8892693697048818
c1ccc(C(c2ccccc2)C2c3ccccc3Nc3ccccc32)cc1,0.8892683381297796
COc1cccc(-c2c(-c3ccccc3)oc3ccccc23)c1,0.8891952533944608
c1ccc(C(Sc2nc3ccccc3o2)(c2ccccc2)c2ccccc2)cc1,0.8891568521328044
Cc1ccc(N(Cc2ccccc2)c2ccc(-c3ccccc3)cc2)cc1,0.8890389675422723
c1ccc(-c2c(P(c3ccccc3)c3ccccc3)sc3ccccc23)cc1,0.8890241295643329
c1ccc(-c2cccc3c2ccc2c(-c4ccccc4)cccc23)cc1,0.8889800635588003
c1ccc(-c2ccc(-c3c4ccccc4cc4sccc34)cc2)cc1,0.8889696350019023
c1ccc(-c2nc3occn3c2N(c2ccccc2)c2ccccc2)cc1,0.8889006145998762
c1ccc(N2c3ccccc3Oc3ccc(-c4cccc5cnccc45)cc32)cc1,0.8888565891208577
c1cncc(-c2ccc(-c3cccc4ccccc34)c3ccccc23)c1,0.8888487374482439
c1ccc(-n2c3ccccc3c3cc(-c4ccccn4)ccc32)cc1,0.8887336476720118
c1ccc(Nc2cccc3c2oc2c(-c4ccccc4)c4ccccc4cc23)cc1,0.8887235802436789
c1ccc(Nc2cc3sc4ccccc4c3c3ccccc23)cc1,0.8886847615210158
c1ccc(N2C3OOC2C2(CCCCC2)c2ccccc23)cc1,0.8886271268966595
c1ccc(Sc2c(-c3ccc(-c4ccccc4)cc3)nc3ccccn23)cc1,0.8885668611228432
c1ccc(N(CC(c2ccccc2)(c2ccccc2)c2ccccc2)c2ccccc2)cc1,0.8885624665359159
c1ccc(-c2c(-c3c[nH]c4ccccc34)[nH]c3ccccc23)cc1,0.8884915945335967
c1ccc(C(=C2C3C4C3C3C2C43)c2ccccc2)cc1,0.8884369428289011
Cc1ccc(-c2c(-c3ccccc3)n(C)c3ccccc23)cc1,0.888210816431019
c1ccc(-c2nc(-c3cccc4c3oc3ccccc34)nc3ccccc23)cc1,0.8881837535285091
CN(c1ccccc1)c1ccc(-c2cccc3c2oc2ccccc23)cc1,0.8881817264566074
Cc1ccc(N(c2ccc(C)cc2)c2c(C)ccc3ccccc23)cc1,0.8881466211567057
c1ccc([As](c2ccccc2)(c2ccccc2)c2cccc3ccccc23)cc1,0.88798038121028
c1ccc(N2c3cc4ccccc4cc3-c3cccc4c3c2cc2ccccc24)cc1,0.887770645755728
c1ccc(-c2nc(-n3c4ccccc4c4ccccc43)nc3ccccc23)cc1,0.8877558440294718
Brc1cccc(Sc2nc(-c3ccccc3)n3c2ccc2ccccc23)c1,0.8876952025275477
c1ccc([Si](c2ccccc2)(c2ccccc2)n2ccc3ccccc32)cc1,0.8876846309956853
c1ccc(-c2c(-c3ccccc3)c3ccoc3c3ccccc23)cc1,0.8875718975522907
c1ccc(N(c2ccc3ccccc3c2)c2ccccn2)cc1,0.8874589546416256
c1ccc(-c2ccc(C3c4ccccc4CCN3c3ccccc3)cc2)cc1,0.887445760142503
c1ccc(C2=C(c3ccccc3)c3ccccc3Oc3ccccc32)cc1,0.8872761643928855
c1ccc(B(OC(c2ccccc2)c2ccccn2)c2ccccc2)cc1,0.8872596693257175
c1ccc([SiH2]c2cccc(N(c3ccccc3)c3ccccc3)c2)cc1,0.8872250260673697
c1ccc(CN(c2ccccc2)C(c2ccccc2)c2ccccc2)cc1,0.8872201768582513
c1ccc(Nc2ccc(-c3ccccc3)cc2-c2ccccc2)cc1,0.8871563513289236
c1ccc([Si](OC2CCOc3ccccc32)(c2ccccc2)c2ccccc2)cc1,0.8871219834333817
c1ccc(C(OP(c2ccccc2)c2ccccc2)c2ccccn2)cc1,0.8870449411112618
Brc1cccc(N(c2ccccc2)c2ccc3ccccc3c2)c1,0.887016199210189
c1ccc(N=Nc2c(-c3ccccc3)noc2-c2ccccc2)cc1,0.8869315640532566
c1ccc(N2c3ccccc3-c3cccc4scc2c34)cc1,0.8868920777177731
c1ccc(-c2c(-c3ccccc3)c3nccn3c3ccccc23)cc1,0.8868123215044998
Cc1cccc(N(c2ccccc2)c2ccc3c(c2)sc2ccc4ccccc4c23)c1,0.8868068483570439
Brc1ccc(-c2nc3ccccc3c3c2[nH]c2ccccc23)cc1,0.8866110841870924
c1ccc(C(=C2CC2)c2ccc3ccccc3c2)cc1,0.8865879457667478
c1ccc(-c2c3ccccc3[n+](-c3ccccc3)c3ccccc23)cc1,0.8865729562657478
c1ccc(-c2ccnc(-c3cc4ccc5ccccc5c4c4ccccc34)c2)cc1,0.8865685266857029
c1ccc([Si](c2ccccc2)c2cccc3c2Cc2ccccc2-3)cc1,0.8865548556924788
c1ccc(-n2c3ccccc3c3ccc(Nc4cccc5ccccc45)cc32)cc1,0.8865034497274895
c1ccc(N2c3ccccc3C3(c4ccccc4Nc4ccccc43)c3ccccc32)cc1,0.8865001211150334
Cc1ccc(S2(C)c3ccccc3-c3ccccc32)cc1,0.8864872441135412
CCc1ccc(-c2cccc3c2oc2c(C)cccc23)cc1,0.886464409954146
c1ccc(-c2nn(-c3ccccc3)c3ccc4c(c23)CCCC4)cc1,0.8863559675873427
c1ccc(N(c2ccccc2)c2ccc3cnccc3c2)cc1,0.8863230914072895
c1ccc(SC(Sc2ccccc2)c2cccc3ccccc23)cc1,0.8862973567529806
c1ccc(C23Nc4ccccc4C2(c2ccccc2)c2ccccc2N3)cc1,0.8862004228924623
COc1ccc(-c2nc(-c3ccccc3)nc3cc4ccccc4cc23)cc1,0.8861827950221225
c1ccc([N+]2(c3ccccc3)c3ccccc3-c3ccccc32)cc1,0.8861198662614663
c1ccc(P(=C2c3ccccc3-c3ccccc32)(c2ccccc2)c2ccccc2)cc1,0.8860989366827008
c1ccc(Cc2[nH]c3ccccc3c2-c2ccccc2)cc1,0.8860265999930426
C[n+]1ccc(-c2ccc(N(c3ccccc3)c3ccccc3)cc2)cc1,0.8859929553528432
c1ccc([C+](c2cccc3ccccc23)c2cccc3ccccc23)cc1,0.8859572053657069
c1ccc(-n2c3ccccc3c3cc(-c4ccco4)ccc32)cc1,0.8859567730801052
COc1ccc(CP(c2ccccc2)c2cccc3ccccc23)cc1,0.8858699451587346
c1ccc(OB(Oc2ccccc2)c2ccc3[nH]ccc3c2)cc1,0.885798224097245
c1ccc(-c2c(-c3cccc4ccccc34)sc3ncnn23)cc1,0.8857762106459016
c1ccc(N=C(Oc2ccccc2-c2ccccc2)c2ccccc2)cc1,0.885733763347285
COc1ccc(Sc2c(-c3ccccc3)oc3ccccc23)cc1,0.8857000047216954
Brc1ccc(-c2c(-c3ccccc3)oc3ccccc23)cc1,0.8856339161354673
Cc1cccc(-c2nn(-c3ccccc3)c3ccc(C)cc23)c1,0.8852350136897555
c1ccc(P(c2ccccc2)C2CCCCN3CCC[NH+]=C23)cc1,0.885189139643543
c1ccc(-c2nn3c(-c4ccco4)nnc3c3ccccc23)cc1,0.8851697949304456
c1ccc(-n2ccc3ccc4c(c32)CCc2ccccc2-4)cc1,0.8850657384438162
c1ccc(N=C(c2ccccc2)c2ccccc2-c2ccccc2)cc1,0.8850053552523514
COc1ccc(-c2[nH]c3ccccc3c2-c2ccc(C)cc2)cc1,0.884996173698657
c1ccc(-c2cccc(C3c4ccccc4-c4ccccc43)c2)cc1,0.8849859870196848
c1ccc(-c2ccccc2Nc2cc3sc4ccccc4c3c3ccccc23)cc1,0.8849677546708345
c1ccc(Sc2c(-c3ccccc3)ncc3ccccc23)cc1,0.8849001182357199
c1ccc(COB(c2cccc3ccccc23)c2cccc3ccccc23)nc1,0.8848955603771709
c1ccc(COp2oc3ccc4ccccc4c3c3c(ccc4ccccc43)o2)cc1,0.8848602826116193
Brc1cccc(-c2cc3c4ccccc4oc3c3c2oc2ccccc23)c1,0.8848470471430779
c1ccc(CN2Cc3cn(-c4ccccc4)nc3-c3ccccc32)cc1,0.8847046282409592
COc1ccc(N(C)c2c(-c3ccccc3)[nH]c3ccccc23)cc1,0.8846736906412379
c1ccc(-c2cccc3c2ccc2c(-c4ccccc4)nccc23)cc1,0.8846477795323684
C#Cc1cc(N(c2ccccc2)c2ccccc2)c2ccccc2c1,0.8846154589928041
c1ccc(N2Oc3c(c4ccccc4c4ccccc34)O2)cc1,0.8844798103271514
c1ccc(C2c3ccccc3[Se](c3ccccc3)c3ccccc32)cc1,0.8844460185210735
c1ccc2cc(N(c3cccc4ccccc34)c3cccc4ccccc34)ccc2c1,0.884384454714963
c1ccc(P(=Nc2ccccc2-c2ccccn2)(c2ccccc2)c2ccccc2)cc1,0.8843527228602153
c1ccc(P(=C2Cc3ccccc3-c3ccccc32)(c2ccccc2)c2ccccc2)cc1,0.8843393347184171
c1ccc(P(c2ccccc2)c2ccc(C3CCC3)cc2)cc1,0.8842814883557404
c1ccc(-c2[se]cc3c2oc2ccccc23)cc1,0.8842214377713281
Oc1ccc(-c2ccnc3c2ccc2c(-c4ccccc4)cccc23)cc1,0.884164266789548
c1ccc(-c2ccc(-c3cc(-c4ccccc4)nc4ccccc34)cc2)cc1,0.8841466286662873
c1ccc(COc2c(-c3ccccc3)n[nH]c2-c2ccccc2)cc1,0.8841284311395782
c1ccc(C2(c3ccccc3)OC3[Te]c4ccccc4C32)cc1,0.884114454978141
COc1ccc(-c2c(-c3ccccc3)ccc3ccccc23)cc1,0.8839774707693627
Cc1cccc(-c2ccc3c(c2)oc2cc(-c4cccc(C)c4)ccc23)c1,0.8839700978925354
c1ccc(C2(c3ccccc3)c3ccccc3Oc3ccccc32)cc1,0.8839582296684978
c1ccc(-c2nc3ccccc3n2-c2cccc3ccccc23)cc1,0.8839355170080809
c1ccc(Oc2nc(-c3ccc(N4CCCCC4)cc3)nc3ccccc23)cc1,0.8839330303878146
c1ccc(-c2ccc(C3=NCCc4c3ccc3ccccc43)cc2)cc1,0.8839125326974662
c1ccc(P(=Nc2ccccc2C2SCCCS2)(c2ccccc2)c2ccccc2)cc1,0.8838083715189754
c1ccc(-c2cc(-c3cccc4ccccc34)c3ccccc3n2)cc1,0.8837646210785268
c1ccc(C2C3c4ccccc4C(C2c2ccccc2)[n+]2ccccc23)cc1,0.8837126787234992
COc1ccc(-c2[se]cc3oc(-c4ccccc4)cc23)cc1,0.8836188409657908
c1ccc(-c2oc3ccccc3c2-c2cccc3ccccc23)cc1,0.8835608617398278
c1ccc(Nc2cccc3c(C(c4ccccc4)c4ccccc4)cccc23)cc1,0.8835542105166299
c1ccc(Nc2cc(-c3ccccc3)cc(-c3ccccc3)n2)cc1,0.8835527355624662
COc1ccc(-c2c3ccccc3cc3sc4ccccc4c23)cc1,0.8832107673801027
c1ccc(N=c2oc(-c3ccccc3)nn2-c2ccccc2)cc1,0.8831724981913239
c1ccc(-c2cccc(-n3c4ccccc4c4ccccc43)n2)cc1,0.8831482934832254
c1ccc(-c2ccc(-c3cccnc3)nc2-c2ccccc2)cc1,0.8831275668249511
c1ccc(N(Cc2cccc3ccccc23)SSN(Cc2cccc3ccccc23)c2ccccc2)cc1,0.8831201132579576
Oc1ccc(-c2oc(-c3ccc(O)cc3)c3ccccc23)cc1,0.8830607675649881
c1ccc(-c2nc3cccc4c3n2-c2ccccc2N4c2ccccc2)cc1,0.8830236963983854
c1ccc([SiH](c2ccccc2)c2ccc(N3CCCCC3)cc2)cc1,0.8829427404908411
CCc1ccc(N(c2ccccc2)c2cccc3ccccc23)c2ccccc12,0.8829336391374348
c1ccc(P(c2cccc3c2oc2ccccc23)c2cccc3c2oc2ccccc23)cc1,0.8828816206419436
COc1ccc(N(c2ccc(OC)cc2)c2cccc3cc4ccccc4cc23)cc1,0.8828091307133724
c1ccc(-c2nc(-c3cccnc3)oc2-c2ccccc2)cc1,0.8827596804708691
c1ccc(P(c2ccccc2)c2ccc(-c3c4ccccc4cc4ccccc34)cc2)cc1,0.8827279698381547
Cc1ccc(-c2nc3c4ccccc4c4ccccc4c3c3ccccc23)cc1,0.8826706716751094
c1ccc(N(c2ccccc2)c2ccc3cc2-3)cc1,0.8825505125224449
c1ccc(COc2cccc3[nH]c(-c4ccccc4)cc23)cc1,0.8824854726466864
c1ccc(N(c2cc3ccccc3cn2)c2cc3ccccc3cn2)cc1,0.8824761071899895
COc1ccc(P(c2ccccc2)c2cccc3ccccc23)cc1,0.8824136589887621
c1ccc(C23OC2(c2ccccc2)c2cc4ccccc4nc2-c2ccccc23)cc1,0.8823669570955961
c1ccc(-c2nnnn2OCc2c3ccccc3cc3ccccc23)cc1,0.8821981082671912
c1ccc(Oc2c3ccccc3c(-c3c4ccccc4nc4ccccc34)c3ccccc23)cc1,0.8821967637663881
CC(C)c1ccc(-c2ccc(-c3ccccn3)c3ccccc23)cc1,0.8821453431924581
c1ccc(-c2c(-c3ccccn3)cn3ccccc23)cc1,0.8821258132043099
c1ccc(SC(Sc2ccccc2)(c2ccccc2)n2nnc3ccccc32)cc1,0.8821218339583322
N#Cc1ccc(-c2c(-c3ccccc3)sc3ccccc23)cc1,0.8821099206558631
c1ccc(-c2ccc(C3N(c4ccccc4)CCN3c3ccccc3)cc2)cc1,0.8820919024671531
c1ccc(-c2cc(-c3cccc4c3sc3ccccc34)ncn2)cc1,0.8820846342492086
Brc1ccc(-c2cccc3c2sc2c(-c4ccccc4)cccc23)cc1,0.8820709429492749
COc1ccc(Sc2c(-c3ccc(OC)cc3)oc3ccccc23)cc1,0.8819449760968984
Cc1c(P(c2ccccc2)c2ccccc2)[nH]c2ccccc12,0.881944692486874
Brc1ccc(-c2ccc3c(c2)sc2ccccc23)c2ccccc12,0.8818893762535653
c1ccc(CCC2(c3ccccc3)c3ccccc3Sc3ccccc32)cc1,0.8818335584014685
c1ccc(Cc2cc3ccccc3c(-c3ccccc3)c2-c2ccccc2)cc1,0.8818036958689883
c1ccc(-n2c(-c3ccccn3)nc3ccccc32)cc1,0.881799264311716
c1ccc(Nc2ccc(-c3ccc(-c4ccccc4)s3)cc2)cc1,0.8817208129510298
c1ccc(C2=C(c3ccccc3)c3c(ccc4ccccc34)ON2)cc1,0.8816719479221848
c1ccc(-c2cc(-n3c4ccccc4c4ccccc43)ccn2)cc1,0.8816359233787596
COc1ccc(Nc2cc(-c3ccccc3)cc3ccccc23)cc1,0.8815462446462505
c1ccc(Cc2cc(-c3ccccc3)sc2-c2ccccc2)cc1,0.8815403290818932
c1ccc(SSCSC(Sc2ccccc2)=C(c2ccccc2)c2ccccc2)cc1,0.8814201904225966
Brc1cc2ccccc2cc1-c1ccc(N(c2ccccc2)c2ccccc2)cc1,0.8813201492633186
c1ccc(P(c2ccc3ccccc3c2)c2ccc3ccccc3c2)cc1,0.8812754982865474
c1ccc(Cn2sc(=Nc3ccccc3)nc2-c2ccccc2)cc1,0.8812247926312617
Cc1ccc(N(C2=c3ccccc3=CC3C=CC=CC23)c2ccccc2)cc1,0.8811585865336413
c1ccc(-c2cccc(-n3c4ccccc4c4cc5ccsc5cc43)c2)cc1,0.881008344068298
c1ccc(P(CCCP(c2ccccc2)c2ccccn2)c2ccccn2)cc1,0.880968196483428
c1ccc(P(c2ccccc2)c2cc3ccccc3cc2N2CCCC2)cc1,0.8808719228563242
Cc1cccc(-c2ccc(-n3c4ccccc4c4ccccc43)cc2)c1,0.8808328956423517
c1ccc(C2(c3ccc[nH]3)c3ccccc3Oc3ccccc32)cc1,0.8808251531221399
c1ccc(-c2nc3ccccc3nc2-c2cccc3ccccc23)cc1,0.8807620256480628
c1ccc(-c2cc3cc4c(cc3[nH]2)Oc2ccccc2O4)cc1,0.8807348867414562
c1ccc(-n2c3ccccc3c3c(-c4ccccn4)cccc32)cc1,0.8806916672904044
Cc1ccc(-c2cccc3c4ccccc4n(-c4ccccc4)c23)cc1,0.8806896623228915
c1ccc([Si](c2cccs2)c2cccc3ccccc23)cc1,0.8806826041509935
c1ccc(-n2ccc3c(P(c4ccccc4)c4ccccc4)cccc32)cc1,0.8806776998403089
c1ccc(Cn2c(-c3ccccc3)cc3c2CCc2ccccc2-3)cc1,0.8806574186729722
c1ccc(-c2nc3ccc4c5ccccc5oc4c3c3ccccc23)cc1,0.8806499367624806
c1ccc(-c2cncc(-c3cc4ccccc4nc3-c3ccccc3)c2)cc1,0.8806398935645146
c1ccc([Se]C2C3c4ccccc4-c4ccccc4C23)cc1,0.8805287030512314
c1ccc(-c2ncc3c(cc(-c4ccccc4)c4ccccc43)n2)cc1,0.8804954080688706
c1ccc(CONC23c4ccccc4C(c4ccccc42)c2ccccc23)cc1,0.8804683303681098
COc1ccc(-c2csc3nc4ccccc4cc23)cc1,0.8803950921169887
Oc1ccc(C2Nc3ccccc3-n3c2cc2ccccc23)cc1,0.8803866510268509
COc1ccc(-c2c(-c3ccccc3)oc3ccccc23)cn1,0.8803669174694349
c1ccc(-c2ccc(-c3ccnc4[nH]c5ccccc5c34)cc2)cc1,0.8803487721216375
c1ccc(P(c2ccccc2)c2cccc3cccnc23)cc1,0.8802691003708177
Oc1ccc(-c2c(-c3ccccc3)ncc3ccccc23)cc1,0.8802645226218578
c1ccc(-c2nn(-c3ccccc3)c3ccc4ccccc4c23)cc1,0.8802365659889806
c1ccc(-c2ccc(CC3CC(c4ccccc4)ON3c3ccccc3)cc2)cc1,0.8802221561142769
c1ccc(P(c2ccccc2)c2ccccc2-c2cn[nH]n2)cc1,0.880109429891497
Cc1ccc(-c2sc(-c3ccc(C)cc3)c3ccccc23)cc1,0.8800923674869815
c1ccc(Nc2nc(-c3ccc(-c4ccccc4)cc3)cs2)cc1,0.8800813199879731
c1ccc(-c2cn(-c3ccccc3)cc2-c2ccccc2)cc1,0.8800218657639501
Cc1ccc(-c2ccc(-c3ccc(C)cc3)c3[nH]ccc23)cc1,0.8799659747028317
c1ccc(-c2ccc(-c3nc4ccccc4nc3-c3ccccc3)cc2)cc1,0.8799518146901437
c1ccc(-c2scc3ccccc23)c(C2=NCCO2)c1,0.8799324224132353
CC(C)(C)c1ccc(-c2ccc3c(c2)sc2ccccc23)cc1,0.8798271642045556
c1ccc(-c2c3ccccc3c(Oc3ccccn3)c3cccnc23)cc1,0.879805847504666
Clc1cccc(-c2ccc3c(c2)c2ccccc2n3-c2ccccc2)c1,0.8797978296793239
c1ccc(-c2cc(C3CCCC3)c(-c3ccccc3)c3ccccc23)cc1,0.8797598631892293
c1ccc([S+](c2ccccc2)c2ccc(C3CCCC3)cc2)cc1,0.8797420134173617
c1ccc(Nc2n[n+](-c3ccccc3)nc3ccccc23)cc1,0.8796800870882132
c1ccc(P(c2ccccc2)c2cc3ccccc3cn2)cc1,0.8795352947443462
Ic1ccc(-c2ccc3c(c2)c2ccccc2n3-c2ccccc2)cc1,0.879520232282917
c1ccc([S+](c2ccccc2)c2cccc3cc4ccccc4cc23)cc1,0.8794779428946378
c1ccc(-c2onc3ccc(-n4cccc4C4OCCO4)cc23)cc1,0.8794746649371816
Clc1ccc(-c2cccc3c2c2ccccc2n3-c2ccccc2)cc1,0.8793225024816421
Clc1ccc(-c2cccc3cc(-c4ccccc4)cn23)cc1,0.8792552876667102
c1ccc(-c2cc(-c3csc4oc5ccccc5c34)ccn2)cc1,0.8792513142590805
Brc1ccc([Bi](c2ccccc2)c2cccc3ccccc23)cc1,0.8792094703193155
c1ccc(C[n+]2c(-c3cccs3)[nH]c3ccccc32)cc1,0.8791867587801846
c1ccc(-c2cc(-c3ccccc3)n3c2-c2ccccc2CC3)cc1,0.8791350688209403
c1ccc(Cn2cc(-c3ccccc3)cc2-c2ccccc2)cc1,0.8791179815177994
c1ccc(-c2cnc(-c3cc4ccccc4c4ccccc34)o2)cc1,0.8790155848574748
Oc1ccc(-c2c(-c3ccccc3)[nH]c3ccc4ccccc4c23)cc1,0.8789945523687787
COc1ccc(-c2sc(-c3cccs3)c3ccccc23)cc1,0.8789798084977387
c1ccc(C2=NC(c3ccccc3)(c3ccccc3)Nc3ccccc32)cc1,0.8789638662494986
c1ccc(CC(Cc2ccccc2)=C2CC2(c2ccccc2)c2ccccc2)cc1,0.8789279994473608
c1ccc([Sn]2(c3ccccc3)c3ccccc3Oc3ccccc32)cc1,0.8788949709349737
COc1ccc(C2(Cl)c3ccccc3N(c3ccccc3)c3ccccc32)cc1,0.8788800999564247
c1ccc(P(CCCCCCP(c2ccccc2)C2CCCCC2)c2ccccc2)cc1,0.8788754171474596
BrCCCc1ccc(-c2c3ccccc3c(-c3ccc4ccccc4c3)c3ccccc23)cc1,0.8788256874856684
c1ccc(CC(O[Sn](c2ccccc2)c2ccccc2)c2ccccc2)cc1,0.8787907647835072
c1ccc(-c2c(SC3CCCCC3)c3ccccc3c3ccccc23)cc1,0.8787885774170838
c1ccc(-c2cc(-c3ccc4ccccc4c3)cn2-c2ccccc2)cc1,0.8786671554414796
Cc1ccc(-c2ccc(-c3ccc4c(c3)oc3ccccc34)cc2)cc1,0.878583030716445
c1ccc(P(c2ccccc2)c2ccc(N3CCSCCSCCSCC3)cc2)cc1,0.8785635649937049
c1ccc(-c2ccc(C(c3ccccc3)n3nc4ccccc4n3)cc2)cc1,0.878556508039019
c1ccc(-c2cc(-c3cccs3)cc3ccccc23)cc1,0.8784501352046339
c1ccc(N=c2sc(-c3ccccc3)cn2C2CCCCC2)cc1,0.8784474898523937
c1ccc(-c2c(Sc3cccc4ccccc34)c3ccccc3c3ccccc23)cc1,0.8784195623019366
c1ccc(-c2ccc(Cc3ccc(N(c4ccccc4)c4ccccc4)cc3)cc2)cc1,0.8783767709638218
c1ccc(C23OC(c4ccccc4)(c4ccccc42)c2ccccc23)cc1,0.8783388356980552
COc1ccc(Oc2nc(-c3ccccc3)cc3ccccc23)cc1,0.8783369317636462
Brc1cc(Br)cc(-c2ccc3c(c2)oc2ccccc23)c1,0.8783314069709717
Oc1ccc(-c2ccccc2)c(OCCCCCCCCCCOc2cc(O)ccc2-c2ccccc2)c1,0.8783133027824896
Brc1cccc(-c2nc3c4ccccc4sc3c3ccccc23)c1,0.8782650040441432
c1ccc(Nc2cc(-c3ccccc3)cc3c2ncc2cccn23)cc1,0.8782553601576366
c1ccc(-c2cc3cccnc3nc2-c2ccc(C3OCCO3)cc2)cc1,0.8782313627758649
Oc1ccc(-c2c(-c3ccccc3)nc3ccccn23)cc1,0.8782152695937893
Clc1ccc(-c2ccc(N(c3ccccc3)c3cccc4ccccc34)cc2)cc1,0.8781508009251209
c1ccc(C2c3ccccc3-c3cccc4c3C2(c2ccccc2)OC4)cc1,0.8781238034802137
Brc1ccccc1-c1ccc(-c2cc3ccccc3c3ccccc23)cc1,0.8780739707530574
c1ccc(P(Pc2c(-c3ccc4ccccc4c3)ccc3ccccc23)c2ccccc2)cc1,0.8780418709650243
c1ccc(-c2ccc3c(c2)c(-c2ccccc2)cc2c4ccccc4ccc32)cc1,0.8780083220200308
Cc1ccc(-c2c3ccccc3c(-c3cccs3)c3ccccc23)cc1,0.8779807659218535
c1ccc(N(c2cccc(-c3ccccn3)c2)c2ccc3ccccc3c2)cc1,0.8779606424035354
Clc1ccc(-c2cc(-c3ccccc3)nc3ccc4ccccc4c23)cc1,0.8779539116057439
c1ccc(C(c2ccccc2)c2cccc3c2Nc2ccccc2S3)cc1,0.8778877402881358
Clc1ccc(-c2sc(-c3ccccc3)cc2-c2ccccc2)cc1,0.8778500165987217
c1ccc(-c2ncc(-c3cccc4ccccc34)nc2-c2ccccc2)cc1,0.8777277767963952
c1ccc(-c2cccc(-n3c4ccccc4c4c5occc5ccc43)c2)cc1,0.8777138590036282
c1ccc(-c2c3c4c(cccc4c4ccccc24)-c2ccccc2-3)cc1,0.8777135115180678
c1ccc(-c2csc(C3(c4ccccc4)c4ccccc4-c4ccccc43)c2)cc1,0.8777009116209826
OBOc1ccc(-n2c3ccccc3c3ccc4ccccc4c32)cc1,0.8776828903413263
c1ccc([S+](c2ccccc2)c2ccc3sc4ccccc4c3c2)cc1,0.8776817911638242
c1ccc(C(c2ccccc2)c2cccc3cc4ccccc4cc23)cc1,0.8776303579247119
c1ccc(C2=NC3c4ccccc4OC2c2ccccc23)cc1,0.8775818412698235
Cc1ccc(N(c2ccc(C)cc2)c2ccc3ccc4ccccc4c3c2)cc1,0.8775720926665088
c1ccc(C2Nc3ccc4ccccc4c3C3Nc4ccccc4C23)cc1,0.8775694898289365
COc1ccc(Sc2cc(-c3ccccc3)oc2-c2ccccc2)cc1,0.8775479461659155
c1ccc(C(Sc2ncnc3c2oc2ccccc23)c2ccccc2)cc1,0.8775153691820354
Cc1ccc(-c2oc(-c3cccs3)c3ccccc23)cc1,0.877512759082397
Cc1cccc(-c2[nH]c3ccccc3c2-c2ccccc2)c1,0.8774670511603109
Cc1ccc(N(c2ccccc2)c2ccc(-c3ccccn3)nc2)cc1,0.877466841606645
c1ccc(OCCCOc2ccc3c(c2)oc2ccccc23)cc1,0.8774501471502577
Brc1ccc(-c2cc3ccccc3c3c2oc2ccc4ccccc4c23)cc1,0.8773906140751173
c1ccc(N=C(CP(c2ccccc2)c2ccccc2)c2ccccc2)cc1,0.8773475115231703
c1ccc(OC(Sc2ccccc2)c2ccc3c(c2)OCO3)cc1,0.8772990938561878
c1cc(-c2nc3ccccc3s2)cc(N2c3ccccc3Oc3ccccc32)c1,0.8772533743381595
c1ccc(N(c2ccc3ccccc3n2)c2ccc3ccccc3n2)cc1,0.8772390207585281
c1ccc(C(PC(c2ccccc2)c2ccccc2)c2ccccc2)cc1,0.8771996946041418
c1ccc(C2(c3ccccc3)c3ccccc3-c3ncccc32)cc1,0.8771811088925237
c1ccc(C2(c3ccccc3)CCn3c4ccccc4c4cccc2c43)cc1,0.8771780583451292
c1ccc(-c2ccc(Oc3ncnc4c3oc3ccccc34)cc2)cc1,0.877129679021154
Clc1cc(-c2ccccc2)cc(-c2cccc3c2sc2ccccc23)c1,0.8770869245800155
COc1ccc(N(c2ccccc2-c2ccccc2)c2ccccc2-c2ccccc2)cc1,0.8770424231583163
Brc1cccc(-c2cc3c4ccccc4c4ccccc4c3c3ccccc23)c1,0.8769689264821422
c1ccc(C2=C(c3cccc4ccccc34)Cc3ccccc32)cc1,0.8769624188127427
COc1ccc(-c2ccc(-c3ccccc3OC)c3ccccc23)cc1,0.876870041634995
c1ccc(C2N(c3ccccc3)Cc3ccccc3CN2c2ccccc2)cc1,0.876844729975253
Clc1ccc(-c2ncc(-c3ccccc3)cc2-c2ccccc2)cc1,0.8768322415266573
c1ccc(C(=C(c2ccccc2)C2CC2)c2ccccc2)cc1,0.8768098025561043
Cc1ccc(-c2cccc3c2oc2ncc(C(C)C)cc23)cc1,0.8768007585823425
Clc1ccc(Oc2c(-c3ccc(Cl)cc3)[nH]c3ccccc23)cc1,0.8767641139651301
c1ccc(-c2nc3ccccc3c3c2ncn3-c2ccccc2)cc1,0.8767378727788142
c1ccc(N2N=C(c3ccccn3)c3cccc4c3c2cc2ccccc24)cc1,0.8767007538761007
Clc1ccc(-c2cccc3c2-c2ccccc2Oc2ccccc2-3)cc1,0.8766961669616431
c1ccc([P+](Cc2ccc3ccccc3n2)(c2ccccc2)c2ccccc2)cc1,0.8766932107449774
Oc1ccc(Sc2nnc(-c3ccc(O)cc3)c3ccccc23)cc1,0.8766685874657991
c1ccc(C2c3ccc4ccccc4c3Oc3c2ccc2ccccc32)cc1,0.8766604591366907
c1ccc(NCc2ccccc2C2c3ccccc3-c3ccccc32)cc1,0.8766478316863276
COc1ccc(-c2c(-c3ccccc3)nsc2-c2ccccc2)cc1,0.8766322843027411
c1ccc(-c2c3c(c(-c4ccccc4)c4ccccc24)CC3)cc1,0.8766276264537404
c1ccc(N(c2ccc3nc4ccccn4c3c2)c2ccccn2)cc1,0.8765963266251501
c1ccc(Cc2nc(-c3ccccc3)sc2-c2ccccc2)cc1,0.8765732463586764
c1ccc(C2CC3(CCCCC3)c3c2[nH]c2ccccc32)cc1,0.8765560649923136
c1ccc(-c2c(-c3ccccc3)c3sc4ccccc4c3c3ccccc23)cc1,0.8765079467874104
c1ccc(C2(c3ccccc3)c3ccccc3-c3ccncc32)cc1,0.8764863998035417
COc1ccc(-c2c3ccccc3cc3c2ccc2ccccc23)cc1OC,0.8764123581526488
COc1ccc(-c2[nH]c3cc(O)ccc3c2-c2ccccc2)cc1,0.8763612457721183
c1ccc(OP(Oc2ccccc2)c2cccc3ccccc23)cc1,0.876303871785264
Cc1ccc(-c2c3ccccc3c(-c3cccc4ccccc34)c3ccccc23)cc1,0.8762786475501299
c1ccc(-c2cc(-c3ccco3)[nH]c2-c2ccccc2)cc1,0.8762662277429414
c1ccc(Cc2ccc3c(c2)sc2c4ccccc4sc32)cc1,0.8761524977496933
c1ccc(-c2ccc3c(c2)cc2n3CCCCCCC2)cc1,0.8760819944489397
c1ccc(SCCP(CCP(c2ccccc2)c2ccccc2)c2ccccc2)cc1,0.8760679682468571
Cc1ccc(N2c3ccccc3C=Cc3ccccc32)c(-c2ccccc2)c1,0.8760192204623731
c1ccc(N=Nc2ccccc2-c2ccc(-c3ccccc3)cc2)cc1,0.8760110581649129
c1ccc(C(=C2CC3C4CCC(C4)C3C2)c2ccccc2)cc1,0.8760072557872391
c1ccc(-c2ncc(-c3ccccc3-c3ccccc3)o2)cc1,0.8760058411977567
COc1ccc(-c2ccc(N(c3ccccc3)c3ccccc3)cc2)cc1,0.8759958833380662
c1ccc(C(c2cccs2)c2c[nH]c3ccccc23)cc1,0.8759877394216175
Cc1ccc(Nc2cc3c(cc2-c2ccccc2)oc2ccccc23)cc1,0.8759433674207787
c1ccc(-c2nc(-c3cccs3)oc2-c2ccccc2)cc1,0.875851082703142
c1ccc(-c2ncnc3c2c2ccccc2n3-c2ccccc2)cc1,0.8758244301812241
c1ccc(-c2csc(-c3ccccn3)c2-c2ccccc2)cc1,0.875812974566724
c1ccc(-c2oc(-c3ccccc3)c3cc4cnncc4cc23)cc1,0.8757999707231077
Cc1ccc(-c2nc3ccccc3c3c2ccc2ccccc23)cc1,0.8757154386687053
c1ccc([I+]c2ccc(-c3ccc([I+]c4ccccc4)cc3)cc2)cc1,0.8756274184913274
c1ccc(-c2c3ccccc3n3c2ncc2cc4ccccc4cc23)cc1,0.8755967923677124
COc1cccc(-n2c(C)ccc2-c2ccc(C)cc2)c1,0.8755721662228724
c1ccc(-c2cc(-c3cccs3)oc2-c2ccccc2)cc1,0.8755396570475904
Oc1ccc(-c2ccc3c(c2)oc2ccccc23)cc1,0.8754950257168634
c1ccc(P(c2ccccc2)c2ccccc2[As](c2ccccc2)c2ccccc2)cc1,0.8754420832096967
CC(C)(C)c1ccc(-c2cccc3c2sc2ccccc23)cc1,0.875379241072302
c1ccc(C23CCC(c4ccccc4)(c4ccccc42)c2ccccc23)cc1,0.8753317074695582
c1ccc(C(Sc2ccc3ccccc3n2)c2ccccc2)cc1,0.8752887571072335
Brc1ccc(-c2oc(-c3ccccc3)cc2-c2ccccc2)cc1,0.8752843456172876
c1ccc(C2OC3c4cccc5cccc(c45)C3N2c2ccccc2)cc1,0.8752769725867546
c1ccc(S[Sn](c2ccccc2)(c2ccccc2)c2ccccc2)cc1,0.8751601563781483
Clc1cccc(-c2ccc3c(c2)sc2ccc(Br)cc23)c1,0.8751349042906164
c1ccc(C(=NNc2nc(-c3ccccc3)cs2)c2ccccc2)cc1,0.8751268610713496
c1ccc(-c2nc3nc4ccccc4cn3c2-c2ccccc2)cc1,0.8750939576007855
c1ccc(Nn2c(-c3ccccc3)nc3ccccc32)cc1,0.8750080158694999
c1ccc(-c2csc(-c3ccc4ccccc4n3)c2-c2ccccc2)cc1,0.8749926727506396
c1ccc(-n2c(C3CCCCC3)cc3ccccc32)cc1,0.8749462537931818
c1ccc(P(CCP(c2ccccc2)C2CCCC2)c2ccccc2)cc1,0.8749207197774814
c1ccc(C2(c3ccccc3)CCCCCCPPC2(c2ccccc2)c2ccccc2)cc1,0.8748903345091646
c1ccc(Nc2cccc3c2ccc2c3c3ccccc3n2-c2ccccc2)cc1,0.8748689497906021
c1ccc(Nc2ccccc2N(c2ccccc2)c2ccc(-c3ccccc3)cc2)cc1,0.8748110207819224
c1ccc(-n2c(-c3cccc4ccccc34)nc3cccnc32)cc1,0.8747748212880391
COc1ccc(-n2ccc(-c3ccccc3)c2-c2ccccc2)cc1,0.8747685134889542
c1cncc(C(Oc2ccccc2-c2cccc3ccccc23)c2cccnc2)c1,0.8747552378631359
Oc1ccc(-c2c(Cc3ccccc3)oc3ccccc23)cc1,0.8746678305472986
c1ccc(CCn2ccc(-c3ccccc3)c2-c2ccccc2)cc1,0.874626306130945
c1ccc(-c2cccc(-c3nc4ccccc4n3C3CCCCC3)c2)cc1,0.8745570358878512
c1ccc(C(=Nc2ccc3nc(-c4ccccc4)ccc3c2)c2ccccc2)cc1,0.8745406548045982
Fc1cccc(-c2c(-c3ccccc3)[nH]c3ccccc23)c1,0.874523056402075
COc1ccc(N(c2ccccc2)c2ccc(C=Cc3ccccc3)cc2)cc1,0.8745072878619717
c1ccc(-c2cc3c(n2C2CCCCC2)-c2ccccc2C3)cc1,0.8744565227599721
COc1ccc(-c2cccc3cc(-c4ccccc4)nn23)cc1,0.8744227650698753
c1ccc(-c2ccnc(-c3ccccn3)c2-c2ccccc2)cc1,0.8743813771461291
c1ccc(-c2ccc3oc4c(ccc5oc6ccccc6c54)c3c2)cc1,0.8743611198486316
O=C(c1ccccc1)c1ccc(N(c2ccccc2)c2ccccc2)[se]1,0.8743465805508767
c1ccc(B(Oc2ccc3ccccc3c2-c2nc3ccccc3s2)c2ccccc2)cc1,0.8743212941904925
COc1ccc(-c2cc(-c3cccs3)oc2-c2ccccc2)cc1,0.8742973503909905
c1ccc2c(c1)oc1ccc(-c3cccc4c3oc3ccccc34)cc12,0.8742940265659074
c1ccc(N(N=C2CCc3ccccc3C2)c2ccccc2)cc1,0.874252740813157
COc1ccc(Nc2ccc(-c3ccccc3)c3ccccc23)cc1,0.8742441641581867
c1ccc(C2=NNC(c3ccccc3)(c3ccccc3)c3ccccc32)cc1,0.8742438076439395
Oc1ccc(-c2c3c(nn2-c2ccccc2)-c2ccccc2C3)cc1,0.8742346677186973
c1ccc(P(CCCCCCCCCCCCCCCCCCCCCCP(c2ccccc2)c2ccccc2)c2ccccc2)cc1,0.8742236042952944
c1ccc(Oc2ccc(-c3cccc4[nH]ccc34)cc2)cc1,0.8741916214339094
c1ccc(P(c2ccccc2)c2ccc3ccccc3c2)cc1,0.8741308944475712
c1ccc(OC(c2ccccc2)C(Oc2ccccc2)c2ccccc2)cc1,0.8741001538480648
c1ccc(-c2c3c(nn2-c2ccccc2)CCc2ccccc2-3)cc1,0.8740596652108216
Clc1ccc([As](c2ccccc2)c2ccc(-c3ccccc3)cc2)cc1,0.8740006875173779
COc1ccc(Sc2c(-c3ccccc3)[se]c3nccn23)cc1,0.8739221261684649
c1ccc(-c2cc3c4ccccc4[nH]c3c3ccccc23)cc1,0.8739154033317282
c1ccc(-c2cccc(-n3c4ccccc4c4ccc5ccsc5c43)c2)cc1,0.8738752944099153
c1ccc(-c2ccnc(-n3c4ccccc4c4cc5sccc5cc43)c2)cc1,0.8738521187719377
c1ccc(Oc2nnc(-c3cccs3)c3ccccc23)cc1,0.873836408927559
c1ccc(-c2cc3c(s2)sc2ccccc23)cc1,0.873830585939125
c1ccc(N=c2oc3ccccc3cc2-c2ccccc2)cc1,0.8737700363575804
Cc1cccc(-c2oc3ccccc3c2-c2ccc3c(c2)OCO3)c1,0.8737700137705509
c1ccc(-c2ccc(-n3c4ccccc4c4c5occc5ccc43)cc2)cc1,0.8737474119768902
c1ccc(N2Cc3ccccc3N(c3ccccc3)Cc3ccccc32)cc1,0.873745373578474
OBOc1cc(-c2cccc3ccccc23)cc(-c2cccc3ccccc23)c1,0.8736799018111074
c1ccc(-c2c3ccccc3c(-c3ccc4ccccc4c3)c3ccccc23)nc1,0.8736710058666862
COc1ccc(-c2sc(-c3ccc(OC)cc3)c3ccccc23)cc1,0.8736687192014694
c1ccc(-c2cn(-c3ccccc3)c3c(-c4cccnc4)cccc23)cc1,0.8736449212956112
c1ccc(-c2ccc(-c3ncccn3)nc2-c2ccccc2)cc1,0.8736299692052858
c1ccc(-c2c[n+]3c(s2)sc2ccccc23)cc1,0.8735789397993922
c1ccc(-c2ccccc2-c2ccc(-c3ccsc3)cc2)cc1,0.8735695674793106
Cc1ccc(-c2oc(-c3ccc(C#N)cc3)c3ccccc23)cc1,0.8735250136635819
c1ccc(-c2ccc(C3OC3c3ccc(-c4ccccc4)cc3)cc2)cc1,0.8734774249749356
c1ccc(-c2ccc3c(c2)Cc2cc(-c4ccccc4)ccc2-3)cc1,0.8734651261750764
c1ccc(P(OCCCCCCCCCCCCOP(c2ccccc2)c2ccccc2)c2ccccc2)cc1,0.8734630875327548
COc1ccc(C2(O)c3ccccc3-c3ccccc32)cc1,0.8734275531189815
c1ccc(C(CCP(c2ccccc2)c2ccccc2)c2ccccc2)cc1,0.8733798975197637
Cc1ccc(-c2c3ccccc3nc3c2ccc2ccccc23)cc1,0.8733762148285047
c1cc(-c2cccc3ccccc23)cc(-c2c3ccccc3cc3ccccc23)c1,0.8733561211381533
c1ccc(-c2n[nH]nc2-c2ccccc2-c2cccc3ccccc23)cc1,0.8733382566999263
c1ccc([P+](c2ccccc2)(c2ccccc2)C2CCCO2)cc1,0.8733222882781603
Cc1c2ccccc2c(N(c2ccccc2)c2cccc3ccccc23)c2ccccc12,0.8733146385667164
c1ccc(-c2nc(-c3ccccn3)cc3ccccc23)cc1,0.8732865214586255
c1ccc(-c2ccc(Oc3ccc(N(c4ccccc4)c4ccccc4)cc3)s2)cc1,0.8732774242816765
c1ccc(C2Oc3ccccc3-c3sc4ccccc4c32)cc1,0.8732721867793296
c1ccc(-c2c(Nc3ccc4ccccc4c3)ccc3c2sc2ccccc23)cc1,0.8732511666588374
c1ccc(-c2cccc3c2Oc2cc4ccccc4c4cccc-3c24)cc1,0.873239829888605
c1ccc(P(CCCP(c2ccccc2)C2CCCCC2)c2ccccc2)cc1,0.8732139903695697
c1ccc(CC(Sc2ccccc2)(c2ccccc2)n2nnc3ccccc32)cc1,0.8731741856605111
c1ccc(N(c2ccccc2)c2cc3c(ccc4c5cc6ccccc6cc5ccc34)o2)cc1,0.8731212953174481
Cc1ccc(-n2c3ccccc3c3cc4c(cc32)oc2ccccc24)cc1,0.8730536099846771
CN(c1ccccc1)c1ccc(N(c2ccccc2)c2ccccc2)c2ccccc12,0.8730387885521697
c1ccc(-c2ccc(-c3ccc4c(c3)OCCOCCOCCOCCO4)cc2)cc1,0.8730250111456068
COc1ccc(CP(=S)(c2ccccc2)c2cccc3ccccc23)cc1,0.873024246741932
c1ccc(Sc2ncnc(Sc3ccccc3)c2-c2cccc3ccccc23)cc1,0.8730179393294556
c1ccc([P+](Cc2ccc3ccccc3c2)(c2ccccc2)c2ccccc2)cc1,0.8729631984578525
c1ccc(-c2cc3c(n2-c2ccccc2)-c2ccccc2C3)cc1,0.8729477574274684
c1ccc(-c2ccc(-n3c4ccccc4c4c5c(ccc43)CCO5)cc2)cc1,0.8729406472595951
c1ccc(-c2ccc(-c3cn4cc5ccccc5c4[nH]3)cc2)cc1,0.8729394911814294
COc1cccc(-c2nc3ccccc3c3c2ccc2ccccc23)c1,0.8729332783969252
c1ccc(-c2nc3ccc(N4CCCCC4)cc3nc2-c2ccccc2)cc1,0.8729240409411725
c1ccc(-c2nc3ccccc3o2)c(-c2nc3ccccc3o2)c1,0.8729228952231902
c1ccc(N(c2ccccc2)c2cccc3c2ccn3N(c2ccccc2)c2ccccc2)cc1,0.8728755607954335
c1ccc(N2c3ccccc3-c3cccc4cccc2c34)cc1,0.8728208072402309
c1ccc(-c2cccc(-c3ccc(-c4ncnc5ccccc45)cc3)c2)cc1,0.8727858422040209
c1ccc(P(CCCCCCCCCCCCCCCCCCP(c2ccccc2)c2ccccc2)c2ccccc2)cc1,0.8727822720743299
Brc1cc(-c2ccc3oc4ccccc4c3c2)c2ccccc2c1,0.8727746181173244
c1ccc(SC(c2ccccc2)C(Sc2ccccc2)c2ccccc2)cc1,0.872770831700707
c1ccc(-c2nc(-c3ccccc3)c3cc4c(cc3n2)oc2ccccc24)cc1,0.8727693824052056
COc1ccc(-c2cc(-c3ccccc3)[te][o+]2)cc1,0.8727686775473268
c1ccc(-n2c3c(c4cc5c(cc42)sc2ccccc25)CCCC3)cc1,0.8727673402420073
c1ccc(N2CPCN(c3ccccc3)C(c3ccccn3)PC2)cc1,0.8727616925022729
Brc1ccc(-c2cn(-c3ccccc3)c3ccccc23)cc1,0.8727555833210935
c1ccc(PCCCC(CC(CCCPc2ccccc2)c2ccccc2)c2ccccc2)cc1,0.8727414867055856
c1ccc(-c2ccc3cc(-c4ccccc4)[nH]c3c2)cc1,0.8727152808918759
c1ccc(-c2c(-c3ccccc3)c3ccccn3c2-c2ccccc2)cc1,0.8727101955289205
c1ccc(-c2cccc3c2[nH]c2ccc4ccccc4c23)cc1,0.8727075111318824
Brc1ccccc1N(c1ccccc1)c1ccc(-c2ccccc2-c2ccccc2)cc1,0.8727055678584024
N#Cc1ccc(-c2cc(-c3ccccc3)oc2-c2ccccc2)cc1,0.872685477169584
c1ccc(Cn2c3ccccc3c3sc4ccccc4c32)cc1,0.8726617288172762
c1ccc(CCC(CB2Nc3cccc4cccc(c34)N2)c2ccccc2)cc1,0.872643433648191
Cc1ccc(N(c2ccc(OON)cc2)c2ccc(-c3ccccc3)cc2)cc1,0.8726349404528396
[SiH3]c1ccc(N(c2ccccc2)c2ccccc2)c2ccccc12,0.8725473519672537
c1ccc(Nc2cccc3c2oc2c4ccccc4c(-c4ccccc4)cc32)cc1,0.8725454476976526
c1ccc([N+]2(c3ccccc3)c3ccccc3Sc3ccccc32)cc1,0.8725162307495389
c1ccc(-c2ncn(C3CCCCC3)c2-c2ccccc2)cc1,0.872496351147955
c1ccc(-c2cnc3c(c2-c2ccccc2)Cc2ccccc2-3)cc1,0.8724956603526749
c1ccc(N2c3ccccc3-c3[nH]c4ccccc4c3-c3ccccc32)cc1,0.8724495474800864
Brc1ccc(-c2cccc(N(c3ccccc3)c3ccccc3)c2)cc1,0.8724000690397442
CC(C)(c1ccccc1)c1cccc(N(c2ccccc2)c2cccc3ccccc23)c1,0.8723366466605638
Clc1ccc([Se]c2c(-c3ccccc3)oc3ccccc23)cc1,0.8723027556477463
Oc1ccc(-c2c(-c3ccc(Cl)cc3)[nH]c3ccccc23)cc1,0.8722753064717675
Cc1cccc(N(c2ccccc2)c2cccc(N(C)c3ccccc3)c2)c1,0.872243276759731
Brc1ccc(-c2c3ccccc3nc3c2ccc2cccnc23)cc1,0.872223622769575
c1ccc(CN(Cc2ccccc2)c2ccc(-n3cnnn3)cc2)cc1,0.8721686661447114
c1ccc(-c2cc3c(cc2-c2ccccc2)-c2ccccc2C3)cc1,0.872133238338956
COc1ccc([Se]C23c4ccccc4C(c4ccccc42)c2ccccc23)cc1,0.8721311774201096
c1ccc(C(OCC2CO2)c2cccc3ccccc23)cc1,0.8720942865018073
c1ccc(C(N[SiH](c2ccccc2)c2ccccc2)c2ccccc2)cc1,0.8720666951423575
c1ccc(-c2ccc(-c3ccccc3)c(-c3ccccc3)[o+]2)cc1,0.872063783886153
c1ccc(Oc2cccc3c2C(Oc2ccccc2)c2ccccc2-3)cc1,0.8720387960860736
Cc1cccc(-n2c3ccccc3c3cc4ccccc4cc32)c1,0.8720369446805335
c1ccc(-c2c(-c3ccccc3)p(-c3ccccc3)c3ccccc23)cc1,0.8720307694272101
Cc1ccc(-c2ccc3ccccc3c2-c2c(O)ccc3ccccc23)cc1,0.8719737360049049
c1ccc(-c2ccc3c(ccc4c3ccc3c5ccccc5sc34)c2)cc1,0.8718699326872363
c1ccc(C2=NC(c3ccccc3P(c3ccccc3)c3ccccc3)CO2)cc1,0.871868364237878
c1ccc(-c2nccn2-c2cccc(-c3cccnc3)c2)cc1,0.8718224840977575
Cc1ccc(-c2c3ccccc3c(-c3ccccc3)c3ncccc23)cc1,0.8717942512650265
Fc1ccc(-c2oc3ccc(Br)cc3c2Sc2ccccc2)cc1,0.8717904057969581
c1ccc(N=NCc2c(C3c4ccccc4-c4ccccc43)ccc3ccccc23)cc1,0.8717666378131943
COc1ccc(-c2nn3c(-c4ccco4)nnc3c3ccccc23)cc1,0.871758129910814
Clc1ccc(P(c2cccnc2)c2cccc3ccccc23)cc1,0.871742328685595
c1ccc(-c2ccncc2-c2cccc(-c3nccc4ccccc34)c2)cc1,0.871722323003294
c1ccc(CCn2cc(-c3ccccc3)c3cccnc32)cc1,0.871703211280898
c1ccc(-c2ccc(C(c3ccccc3)[n+]3cc[nH]c3)cc2)cc1,0.8717005177455186
c1ccc(-c2ncccc2-c2cccc3c2Cc2ccccc2-3)cc1,0.8716968953574871
c1ccc(Nc2c3ccccc3nc3cc4c(cc23)OCCO4)cc1,0.8716687368459115
c1ccc(C(C2=NCCO2)(c2ccccc2)c2ccccc2)cc1,0.8716101064594757
c1ccc(P(=Nc2nnc3cccnc3n2)(c2ccccc2)c2ccccc2)cc1,0.8715987117479396
c1ccc(Oc2ccc(-c3cccc(-c4ccccc4)c3)cc2)cc1,0.8715861343321861
c1ccc(-c2cn[nH]c2C(c2ccccc2)c2ccccc2)cc1,0.8715635310263546
c1ccc(N(c2ccccc2)c2ccc3ccc(N(c4ccccc4)c4ccccc4)cc3c2)cc1,0.8715512644102983
c1ccc(Oc2ccc([S+](c3ccccc3)c3ccccc3)cc2)cc1,0.8715386203211479
c1ccc(-n2nc(-c3cccs3)c3ccccc32)cc1,0.8714990240954772
c1ccc([Se]c2cc(-c3ccccc3)[te]c2-c2ccccc2)cc1,0.8714988379043397
c1ccc(N(c2ccccc2)n2nnc3ccccc32)cc1,0.8714370207015356
c1ccc(CCCCC2C(c3ccccc3)N2c2ccccc2)cc1,0.8714237691517603
c1ccc([Si]2(c3ccccc3)c3ccccc3C[n+]3ccccc32)cc1,0.8714156564794314
c1ccc(-c2nc3ccccc3n2-c2ccc3oc4ccccc4c3c2)cc1,0.8713849356266108
COc1cccc(-c2sc3ccccc3c2-c2ccc(O)cc2)c1,0.871381199910378
c1ccc(-c2ccc(C(c3ccccc3)c3c[nH]c4ccccc34)o2)cc1,0.8713232055872726
c1ccc(Nc2cccc3ccc4cc5ccccc5cc4c23)cc1,0.8712558333493168
c1ccc(N(c2ccccc2)[Ge](c2ccccc2)(c2ccccc2)c2ccccc2)cc1,0.8712443318141034
c1ccc(C(Cn2cnc3ccccc32)(c2ccccc2)c2ccccc2)cc1,0.8712402754037457
c1ccc(-c2c3c(c4ccccc4c2-c2ccccc2)CCCC3)cc1,0.871227588312438
c1ccc(NCNc2c(-c3ccccc3)cccc2-c2ccccc2)cc1,0.8711995862092518
COc1ccc(-n2nc(-c3ccccc3)c3ccccc32)cc1,0.871131993620648
c1ccc(NCn2ccc(-c3cc(-c4ccccc4)nc4ccccc34)n2)cc1,0.8711278861319186
Cc1cccc(-n2c3ccccc3c3cc4c(cc32)sc2ccccc24)c1,0.8710967084742249
c1ccc(-c2ccc(N(c3ccccc3)c3ccccc3)cc2)cc1,0.8710835233205818
c1ccc(-c2ccc3ncnc(N(c4ccccc4)c4ccccc4)c3c2)cc1,0.8710770050291718
c1ccc(CN(Oc2ccccc2)C2Cc3ccccc3C2)cc1,0.8710475605522348
c1ccc(NC(c2ccccc2)C(c2ccccc2)c2ccccc2)cc1,0.8710474030191684
c1ccc(-c2ccc(Nc3cccc4c3oc3ccccc34)cc2)cc1,0.8710195396221061
c1ccc(Sc2cc3ccccc3cc2-c2ccccc2)cc1,0.8709914408637056
c1ccc(-c2[nH]c3ccccc3c2C2Nc3ccccc3O2)cc1,0.8709135246819022
Cc1cccc(-c2sc3ccccc3c2-c2cccc(C)c2)c1,0.8709036254360176
c1ccc(NN(CN(Nc2ccccc2)c2ccccc2)c2ccccc2)cc1,0.8709004033598502
c1ccc(-n2c(-c3ccco3)ccc2-c2cccs2)cc1,0.8708950359746732
Cc1ccc(N(c2ccccc2)c2ccc(C(C)C)cc2)cc1,0.8708942546454324
c1ccc(P(CCCCCCCCCP(c2ccccc2)c2ccccc2)c2ccccc2)cc1,0.8708780451453484
COc1ccc(-n2c(-c3ccccc3)cc3cc(C)ccc32)cc1,0.8708321943395383
COc1ccc(-c2nc3ccccc3n2-c2ccc(C)cc2)cc1,0.8708278490801904
c1ccc(C(c2ccccc2)n2c(-c3nnco3)cc3ccccc32)cc1,0.8708071511982447
c1ccc(CCO[Sn](c2ccccc2)(c2ccccc2)c2ccccc2)cc1,0.8707315699988132
Cc1cc(N(c2ccccc2)c2ccccc2)ccc1-c1ccccc1,0.8707224782541086
c1ccc(-n2nc3c(c2-c2cccnc2)Cc2ccccc2-3)cc1,0.8707188473809787
COc1ccc(N(c2ccc(OC)cc2)c2ccc(-c3ccccc3)cc2)cc1,0.8706968869751963
c1ccc(C2Cc3cccc4c3-c3c(cccc32)CC4c2ccccc2)cc1,0.8706938658131773
c1ccc(-c2cc3[o+]c4ccc5ccccc5c4cc3c3ccccc23)cc1,0.8706881119387819
c1ccc(-c2nn(-c3ccccc3)pc2-c2ccccc2)cc1,0.8706718230240866
Cc1ccc(Nc2cc(-c3ccccc3O)ccc2-c2ccccc2)cc1,0.8706676254903412
Brc1ccc(-c2noc3ccc4ccccc4c23)cc1,0.8706561869638274
c1ccc(-c2ccc3c([nH]c4ccccc43)c2-c2cccc3ccccc23)cc1,0.8706503016660218
c1ccc(-c2c[n+]3ccccc3n2-c2cccc3ccccc23)cc1,0.8706449460116811
c1ccc(P(CCOCCOCCOCCOCCP(c2ccccc2)c2ccccc2)c2ccccc2)cc1,0.8706057640796079
Oc1ccc(-c2nn3cccnc3c2-c2cccc(O)c2)cc1,0.8706036459162656
c1ccc(P(CCCOCCCP(c2ccccc2)c2ccccc2)c2ccccc2)cc1,0.8706018461560079
c1ccc(-c2nc3ccccc3n2CCCn2c3ccccc3c3ccccc32)cc1,0.8705992695963694
Cc1ccc(Sc2nc(-c3ccccc3)sc2-c2ccccc2)cc1,0.8705362512987481
c1ccc(OCCC[P+](c2ccccc2)(c2ccccc2)c2ccccc2)cc1,0.8705237134175098
c1ccc([Se]c2ccc3c(c2)Cc2ccccc2-3)cc1,0.8705046061332861
c1cc(-c2cccc3cccnc23)cc(-c2cccc3cccnc23)c1,0.8704705137759972
COc1cccc(-c2ccc3c(c2)c2ccccc2n3-c2ccccc2)n1,0.8704567565599022
Brc1ccc(-c2ccc(-c3ccccc3)cc2-c2ccccc2)cc1,0.8704443843054115
c1ccc(-c2ccc(-c3ccc(Nc4cccc5ccccc45)cc3)o2)cc1,0.8704399040027714
c1ccc(Cc2ccccc2NN(c2ccccc2)c2cccc3ccccc23)cc1,0.8704358613129486
Brc1ccc(Nc2ccc(-c3ccccc3-c3cccc4c3ccc3ccccc34)cc2)cc1,0.8704028176591934
c1ccc(C(PCCP(c2ccccc2)c2ccccc2)c2ccccc2)cc1,0.8703883904140496
COc1ccc(-c2ccc3c(c2)N(C)c2ccccc2N3C)cc1,0.870377195475956
Cc1ccc(-c2nn3c4ccccc4nc3c3ccccc23)cc1,0.8703496442880927
c1ccc(CSc2sc3ccccc3c2-c2ccccc2)cc1,0.8703373489102003
c1ccc(Sc2oc3ccccc3c2[Se]c2ccccc2)cc1,0.8703269105108605
c1ccc(C(=C2SSSSSC2=C(c2ccccc2)c2ccccc2)c2ccccc2)cc1,0.8703159458739356
CCc1cccc(N(c2ccccc2)c2ccc(-c3ccccc3)cc2)c1,0.8703048169049286
c1ccc(N(c2ccccc2)c2ccccc2C2[NH2+]CCO2)cc1,0.8702997695102273
Cc1ccc(N(c2ccccc2)c2c3ccccc3c(-c3ccccc3)c3ccccc23)cc1,0.8702938878026427
c1ccc(CNc2c(-c3ccc4ccccc4c3)nc3sccn23)cc1,0.8702322107562015
c1ccc(P(CCOCCOCCP(c2ccccc2)c2ccccc2)c2ccccc2)cc1,0.8701640806167895
c1ccc(-c2ccc(-c3ccc4ccccc4c3)n2-c2ccccc2)cc1,0.8701126656971818
CN(c1ccc(-c2ccccc2)cc1)c1cc2ccccc2c2ccccc12,0.8700936548489474
c1ccc(C2=NN(c3ccccc3)C(c3ccccc3)=[As]2)cc1,0.8700926242293792
c1ccc(-c2ccc(Nc3cccc4c3oc3cc5ccccc5cc34)cc2)cc1,0.8700815748890388
Clc1ccc(-c2cc3ccccc3c3cc(-c4ccccc4)nn23)cc1,0.8700698351181488
C#CCCOc1ccc(N(c2ccccc2)c2ccccc2)cc1,0.8700586280926162
c1ccc(-c2c(Cc3oc4ccccc4c3-c3ccccc3)oc3ccccc23)cc1,0.8700581821696936
c1ccc(-c2nc(Oc3cccnc3)oc2-c2ccccc2)cc1,0.8700237188567406
COc1ccc(-c2nc3c4ccccc4ccc3n2-c2ccccc2)cc1,0.8699975095262145
c1ccc(-p2c3ccccc3c3oc4ccccc4c32)cc1,0.8699972499630064
Oc1cccc(-c2ccc(N(c3ccccc3)c3ccccc3)cc2)c1,0.8699931955638266
Clc1ccc(-c2nc(-c3ccccc3)nc3c2sc2ccccc23)cc1,0.8699197718632294
Nc1ccc(N(c2ccccc2)c2ccc(C3CCCCC3)cc2)cc1,0.8699042209641797
c1ccc(-c2cc3nc4ccccc4n3c3ccccc23)cc1,0.8699002857985316
c1ccc(C(=NOCCOc2ccc3ccccc3c2)c2ccccc2)cc1,0.8698894033195361
Oc1ccc(-c2ccc(-c3nc4ccccc4n3-c3ccccc3)cc2)cc1,0.869818216394679
c1ccc(C23CCC(c4ccccc4C2)c2ccccc23)cc1,0.8697874725988934
c1ccc(-c2cnc(-c3ccccc3-c3ccccc3)o2)cc1,0.8697776529486718
c1ccc(-c2ccc3c(ccc4occ(-c5ccccc5)c43)c2)cc1,0.8697465282698376
Cc1ccc(-c2cc(-c3ccccn3)nc3ccccc23)cc1,0.8697191705525882
c1c[nH]c(-c2cccc3c2[nH]c2ccccc23)c1,0.8696964475367199
O=Pc1ccccc1-c1ccc(N(c2ccccc2)c2ccccc2)cc1,0.8696957794639699
c1ccc(C(OOOC(c2ccccc2)c2ccccc2)c2ccccc2)cc1,0.8696956946171813
Cc1cccc(N(c2ccccc2)c2ccc3sccc3c2)c1,0.8696539646670178
c1ccc(P(CCNP(c2ccccc2)c2ccccc2)c2ccccc2)cc1,0.869628229260575
COc1ccc(-c2cc(-c3ccccc3)c(-c3ccccc3)c3ccccc23)cc1,0.8695889395077246
c1ccc(N(Cc2ccc(CN(c3ccccc3)c3ccccc3)cc2)c2ccccc2)cc1,0.8694713271229291
Cc1ccc(-c2ccc3c(c2)c2ccccc2n3-c2ccccc2)nc1,0.8694695341057712
c1ccc(-c2nccc3c2sc2cc4ccccc4cc23)cc1,0.8694440943908551
Brc1cccc(Oc2c(-c3ccccc3)ccc3ccccc23)c1,0.8693977950646827
Ic1ccc(N(c2ccccc2)c2cccc(-c3ccccc3)c2)cc1,0.8693743425761038
c1ccc(-c2cccc(-n3c4ccccc4c4cc5ccoc5cc43)c2)cc1,0.86937053647684
c1ccc(P(CCCCCCCCCCCCCCCCP(c2ccccc2)c2ccccc2)c2ccccc2)cc1,0.8693649022356832
c1ccc(Oc2ccc(N(c3ccccc3)c3ccc(-c4ccccc4)cc3)cc2)cc1,0.8693414177664007
c1ccc2c(c1)cc(Oc1cc3ccccc3c3ccccc13)c1ccccc12,0.8693407168185983
c1ccc(C(=C(c2ccccc2)c2ccccc2)c2ccccc2)cc1,0.8693385295570694
Brc1ccc(CSc2c(-c3ccccc3)[nH]c3ccccc23)cc1,0.8693291527415055
Cc1ccc(N2c3ccccc3Sc3c2oc2ccccc32)c(-c2ccccc2)c1,0.8693132815336468
c1ccc(-c2ccc(N=c3sscc3-c3ccccc3)cc2)cc1,0.8693123494233599
c1ccc(OCCCCSc2ncnc3sc(-c4ccccc4)cc23)cc1,0.8692745925796203
Cc1ccc(-c2cc3c(ccc4oc5ccccc5c43)o2)cc1,0.869272855497307
c1ccc(-c2cc(-c3ccccc3)c(-c3ccccc3)s2)cc1,0.8692409187808976
c1ccc(-c2nc3ccc4cccnc4c3nc2-c2ccccc2)cc1,0.8691905018904015
c1ccc(-c2nc3c4ccccc4ccn3c2-c2ccccc2)cc1,0.8691633741323803
c1ccc(C[Ge](c2ccccc2)(c2ccccc2)c2ccccc2)cc1,0.8691376980065517
c1ccc(C23OC(c4ccccc4)(C4=C2CCCC4)c2ccccc23)cc1,0.8691281443907386
c1ccc(C(=C2CCC3CCCC[NH+]3C2)c2ccccc2)cc1,0.8690750809944081
c1ccc([Se]CC2COC(c3ccccc3)=[N+]2c2ccccc2)cc1,0.8689894662633288
c1ccc(C2=NOC(c3ccccc3)(c3ccccc3)c3ccccc32)cc1,0.8689800377128882
c1ccc(-c2ccc(-c3ccc(-c4ccccc4)s3)cc2)cc1,0.8689737688700824
Brc1ccc(N(c2ccc(Br)cc2)c2cccc3ccccc23)cc1,0.8689727213332026
c1ccc(-c2ccc(-c3ccccc3-c3ccccn3)nc2)cc1,0.8689659556417115
c1ccc(P(c2cccc3c2oc2ccccc23)c2cccc3c2sc2ccccc23)cc1,0.8689305106096257
c1ccc(-c2cccc(N(c3ccccc3)c3ccccc3)c2)cc1,0.8689250020671229
c1ccc(COCCCCCCCCCCCCCC[P+](c2ccccc2)(c2ccccc2)c2ccccc2)cc1,0.868912709376964
c1ccc(C2SC3c4ccccc4C2c2ccccc23)cc1,0.8689122540590148
c1ccc(Nc2scc(-c3ccc4ccccc4c3)[n+]2-c2ccccc2)cc1,0.8688969436310656
c1ccc(-c2cc3ccc4ccoc4c3c3ccoc23)cc1,0.8688876068205998
c1ccc(-c2ccc(-c3cccc4[nH]cnc34)cc2)cc1,0.8688773351337418
C#CCCCCCCOc1ccc(N(c2ccccc2)c2ccccc2)cc1,0.8688754159883971
c1ccc([Se]c2c(-c3ccccc3)ncc3ccncc23)cc1,0.8688712513065429
c1ccc(-c2ccc(-c3cccc(-c4ccc5ccccc5n4)c3)cc2)cc1,0.8688602493145169
c1csc(C2c3ccccc3Oc3ccc4ccccc4c32)c1,0.8688390743092367
c1ccc(-n2c3c(c4c5c(ccc42)sc2ccccc25)CCCC3)cc1,0.8687933554960571
c1ccc(C2=C(c3ccccc3)c3ccc(-c4ccccc4)cc3C2)cc1,0.8687885882573857
c1ccc(C2CC(Cc3cccc4ccccc34)N(c3cccc4ccccc34)O2)cc1,0.8687597201673751
Cc1ccc(-[n+]2ccc(-c3ccccc3)cc2-c2ccccc2)cc1,0.8687401992512176
C=Cc1ccc(N(c2ccc(C)cc2)c2cccc3ccccc23)cc1,0.8687273077434283
c1ccc(SC[Ge](c2ccccc2)(c2ccccc2)c2ccccc2)cc1,0.868717518633563
c1ccc(C23CC2COP3(c2ccccc2)(c2ccccc2)c2ccccc2)cc1,0.8687154546112611
c1ccc(-c2ccc3c(c2)C(c2ccccc2)(c2ccccc2)c2ccccc2N3)cc1,0.8687071424421011
Oc1ccc(-c2cc(-c3ccccc3)cc(-c3ccccc3)[o+]2)cc1,0.8686577925329912
c1ccc(-c2cc3c(-c4ccccc4)cc4ccccc4c3c3ccccc23)cc1,0.8686399855439649
Cc1cc(-c2ccc3c(c2)sc2ccccc23)nc2ccccc12,0.8686096980204259
Cc1ccc(-c2cc3ccccc3c3c2cnc2ccccc23)cc1,0.8685976855258524
c1ccc(C(Sc2cccnc2)(c2ccccc2)c2ccccc2)cc1,0.8684949979756199
Cc1ccc(-n2c3ccccc3c3c4c(ccc32)sc2ccccc24)cc1,0.8684358072485878
CC(C)c1ccc(N(c2ccccc2)c2cccc3ccccc23)cc1,0.8683945299675677
CCc1ccc(-c2cccc3c2sc2ccccc23)cc1,0.8683504290704821
c1ccc(-c2ccccc2Cc2cccc(Cc3ccccc3-c3ccccc3)c2)cc1,0.8683297594728184
c1ccc(CSCCc2ccc3cc(-c4ccccc4)cn3c2)cc1,0.868316939232517
COc1ccc(-c2cccc3cccc(-c4ccc(OC)cc4)c23)cc1,0.8683157960173724
c1ccc([C+](c2ccccc2)c2cccc3ccccc23)cc1,0.868302188816373
c1ccc(Oc2cccc(N(c3ccccc3)c3ccc(-c4ccccc4)cc3)c2)cc1,0.8682921909971353
c1csc(CC23Cc4sccc4C(c4ccccc42)c2ccccc23)c1,0.868219504669264
c1ccc([Si](c2ccccc2)(c2ccccc2)C2SCCCS2)cc1,0.8682020281113366
Brc1ccc(-c2oc3c(c2-c2ccco2)CCc2ccccc2-3)cc1,0.8682012369243253
c1ccc(CCn2c(-c3ccccc3)csc2=Nc2ccccc2)cc1,0.8681969096574695
c1ccc(-c2nc(N3c4ccccc4Oc4ccccc43)nc3ccccc23)cc1,0.8681901964018965
c1ccc(-c2nc(C3CCCCC3)sc2-c2cccnc2)cc1,0.8681490401289318
c1ccc([O+](c2ccccc2)c2cccc3ccccc23)cc1,0.8681392683224718
c1ccc(-c2c3c(c(-c4ccccc4)c4ccccc24)CCCC3)cc1,0.8680656604802894
Cc1ccc(N(c2ccccc2)c2ccc(C)c(C)c2)cc1,0.8680452534194086
c1ccc(-c2nc(-c3cccnc3)[nH]c2-c2ccccc2)cc1,0.8680350035229571
c1ccc(-c2ccnc(-n3c4ccccc4c4ccccc43)n2)cc1,0.8680056392719331
c1ccc2cc(-c3n[nH]c4c3sc3ccccc34)ccc2c1,0.867982069379508
c1ccc(CNc2c(-c3cccc4ccccc34)nc3ccccn23)cc1,0.8679819831690199
COc1ccc(-c2cc(-c3ccccc3)cc(-c3ccccc3)[s+]2)cc1,0.8679534687647448
CN(c1ccc(-c2ccccc2)cc1)c1ccc2oc3ccccc3c2c1,0.8679516127771891
IN(c1ccc(-c2ccccc2)cc1)c1cccc2c1oc1ccccc12,0.8678930677317964
COc1ccc(-c2ccc(-c3coc4ccc(C)cc34)cc2)cc1,0.8678658321024153
c1ccc(-c2nc3ccccc3nc2-c2ccc(-c3cccnc3)cc2)cc1,0.8678558733676716
c1ccc(-c2ccccc2-c2cccc(-c3ccccc3-c3ccccc3)c2)cc1,0.8678518815825905
c1ccc(SC2CC(c3ccccc3)(c3ccccc3)c3ccccc32)cc1,0.8678517315090006
c1ccc(-c2csc(-c3ccccc3)c2-c2ccccc2)cc1,0.8678281404725898
c1ccc(N2Cc3cc4c(cc3C2)CN(c2ccccc2)C4)cc1,0.8678173835625476
c1ccc(C2(c3ccccc3)OCc3ccccc3-n3cccc32)cc1,0.8677811270081568
c1ccc(Sc2ccccc2-c2ccc(-c3ccccc3)cc2)cc1,0.8677804403481276
Cc1ccc(-c2ccc3oc(-c4ccccc4)cc3c2)cc1,0.8677647532986222
c1ccc(Oc2ccc(-c3csc(-c4cnccn4)n3)cc2)cc1,0.8677436877365645
Cc1ccc(-c2ccc3c(c2)Oc2ccccc2N3c2ccccc2)cc1C,0.8677044524239803
c1ccc(-c2cccc3c2oc2nc4ccccc4n23)cc1,0.8677000098031427
Fc1cccc(Sc2cc(-c3ccccc3)oc2-c2ccccc2)c1,0.8676505093307212
c1ccc(COc2cc(-c3ccccc3)nc3ccccc23)cc1,0.8676212881770993
c1ccc(Sc2c[nH]c3c(-c4ccccc4)ncnc23)cc1,0.8675998667373889
c1ccc(CCCC[P+](c2ccccc2)(c2ccccc2)c2ccccc2)cc1,0.8675677394876161
Ic1ccc(-c2cc3oc4ccc5ccccc5c4c3c3ccccc23)cc1,0.8675671342505094
c1ccc(COc2ccc(-c3cccc4[nH]ccc34)cc2)cc1,0.8675546260452429
c1ccc(-c2cc3c4c(cccc4c2)-c2c-3ccc3ccccc23)cc1,0.8675507804442293
c1ccc(-c2nccc3sc4ccccc4c23)cc1,0.8675239459022183
COc1ccc(-n2nc(-c3ccccc3)nc2-c2ccccc2)cc1,0.8675085408418415
c1ccc(C2Oc3ccc4ccccc4c3C(c3ccccc3)N2c2ccccc2)cc1,0.8674875337587109
c1ccc(-c2cc(-c3ccccc3)n(C3CCCCC3)c2)cc1,0.8674800570870748
c1ccc(-c2ccc(-n3c4ccccc4c4ccccc43)nn2)cc1,0.8674656191694432
c1ccc(-c2ccc3c(c2)CCN3N=NN2CCc3ccccc32)cc1,0.8674435589606462
c1ccc(-c2ccnc3c4c(ccc23)C(c2ccccc2)CCN4)cc1,0.8674119323350513
c1ccc(COc2c3sssssc3c(OCc3ccccc3)c3sssc23)cc1,0.8674113913693143
c1ccc2cc(OP(Oc3cccc4ccccc34)n3cccc3)ccc2c1,0.86740599680099
c1ccc(SC(Cn2ccnc2)c2cccc3ccccc23)cc1,0.8673934342637308
c1ccc(-n2c(-c3cccs3)nc3cccnc32)cc1,0.8673865492886337
c1ccc(C(Nc2ncsn2)(c2ccccc2)c2ccccc2)cc1,0.8673233895623851
Clc1ccc(SC23c4ccccc4C(c4ccccc42)c2ccccc23)cc1,0.8673196913256254
c1ccc(C2CC(n3ccc4ccccc43)ON2c2ccccc2)cc1,0.8673157290973791
c1ccc(C2=NC(c3ccccc3)(c3cccs3)Nc3ccccc32)cc1,0.8673111379202911
Brc1cccc(-c2cccc(-n3c4ccccc4c4ccccc43)c2)c1,0.8673057110726289
c1ccc(-c2cc(-c3cccnc3)c3c(ccc4ccccc43)n2)cc1,0.8673027289284441
c1ccc(P(c2ccccc2)c2cnc3ccccc3c2)cc1,0.8672727391892276
c1ccc(-c2c(-c3ccccc3)n3c4ccccc4nc3c3ccccc23)cc1,0.8672563587263455
c1ccc(-c2cccc3c2c(-c2ccccc2)cc2c4ccccc4ccc32)cc1,0.867211988065577
c1ccc(C([NH+]2CCCCC2)P(c2ccccc2)c2ccccc2)cc1,0.8672077754546252
c1ccc(-c2cccc(-c3cccc(-c4ccccc4-c4ccccc4)c3)c2)cc1,0.8672010710127602
C#CCCCCOc1ccc(N(c2ccccc2)c2ccccc2)cc1,0.8671855363951393
COc1cccc(-c2ncc(-c3ccccc3)cc2-c2ccccc2)c1,0.8671688886248512
c1ccc(C(=C(c2ccccc2)c2conn2)c2conn2)cc1,0.8671571546637084
c1ccc([Se]c2c(-c3ccccc3)sc3sc4ccccc4c23)cc1,0.8671543608534589
c1ccc(P(c2ccccc2)c2nc3ccccc3s2)cc1,0.8671220642493807
CCc1ccc(-c2nc3cc4ccccc4cc3nc2-c2ccccc2)cc1,0.8671164068033552
Cc1ccc(N(c2ccccc2)c2ccc(N(C)c3ccc4ccccc4c3)cc2)cc1,0.8670802622439935
c1ccc(N=C2OC(=C(c3ccccc3)c3ccccc3)c3ccccc32)cc1,0.8670755406934955
c1ccc(-c2cc(-c3ccccn3)nc3c2Cc2ccccc2-3)cc1,0.8670742524959055
Fc1cc(Br)cc(-c2cccc3c2sc2ccccc23)c1,0.8670650754402356
c1ccc(P(Cc2ccc3ccccc3n2)c2ccccc2)cc1,0.8670194661003099
c1ccc(-c2c3ccccc3n3ccc4ccccc4c23)cc1,0.8670098825989437
c1ccc(B2Oc3ccc4ccccc4c3-c3c(ccc4ccccc34)O2)cc1,0.8669395879106757
c1ccc(Sc2ccc(-c3ccccc3)[te]2)cc1,0.8669322209327803
Brc1cccc(-c2cccc3sc4ccccc4c23)c1,0.8669072912396705
c1ccc(Oc2cccc3ccc4cc5ccccc5cc4c23)cc1,0.8668776077149071
c1ccc(SC2=C(c3ccccc3)C(Sc3ccccc3)c3ccccc32)cc1,0.8668745153213662
c1ccc(-c2cccc(-c3ccccc3)c2-n2cccn2)cc1,0.8668368435229489
c1ccc(-c2cnn3c(-c4ccccc4)ccnc23)cc1,0.8667964490591664
Cc1ccc(N(c2ccc(C)cc2)c2ccc3c(ccc4ccccc43)c2)cc1,0.8667409802461365
c1ccc(-c2nnc(Sc3nc4ccccc4o3)c3ccccc23)cc1,0.86670788921221
c1ccc(Sc2ccc([S+](c3ccccc3)c3ccccc3)cc2)cc1,0.8667017489388187
c1ccc(-c2cc(-c3cccc4ccccc34)[o+][te]2)cc1,0.8666896995063664
c1ccc(C(PNC2CCCCC2)(c2ccccc2)c2ccccc2)cc1,0.8666288726610634
c1ccc([I-]c2ccc(Cc3ccc([I-]c4ccccc4)cc3)cc2)cc1,0.8665780392850146
Cc1ccc(-c2c(-c3ccc(Br)cc3)[nH]c3ccccc23)cc1,0.866533628682792
c1ccc(-c2ccc(C3n4c5ccccc5n43)cc2)cc1,0.8665299269590407
CCc1ccc(-c2cccc3c2oc2ncccc23)cc1,0.8665277433576404
COc1ccc(-c2cc(-c3ccccc3)nc3ccsc23)cc1,0.8665268407973535
Brc1ccc(C[As](c2ccccc2)(c2ccccc2)c2ccccc2)cc1,0.8665236166911641
c1ccc(CC(N=Nc2ccccc2)(c2ccccc2)c2ccccc2)cc1,0.8665107704060329
c1ccc(-c2nc(-c3ccccc3C3OCCO3)[nH]c2-c2ccccc2)cc1,0.8664980657102112
c1ccc(-c2cccc(-c3ccc4sc5occc5c4c3)c2)cc1,0.8664948468862603
c1ccc(-n2cccc2)c(Cc2c[nH]c3ccccc23)c1,0.8664635948804882
c1ccc(-n2c3ccccc3c3cc4c(cc32)sc2c3ccccc3ccc42)cc1,0.8664478343050627
Cc1cc(Br)ccc1-c1ccc(N(c2ccccc2)c2cccc3ccccc23)cc1C,0.8664255278341314
c1ccc(-c2ccc3cccc4c3c2-c2nc3ccccc3cc2-4)cc1,0.8664143590923531
c1ccc(NC(c2ccccc2)c2coc3ccccc23)cc1,0.8664115987911137
c1ccc([P+](c2ccccc2)(c2ccccc2)C2CCCCCC2)cc1,0.866406010988831
c1ccc(-c2cc3occc3c3c2ccc2c4ccccc4oc23)cc1,0.866385576837356
COc1ccc(-c2nc(-c3ccccc3)nc3ccc(C)cc23)cc1,0.8663291410125138
COc1ccc(-c2cccn2-c2ccccc2)c2ccccc12,0.8663274033131916
Clc1cccc(Sc2sc(-c3ccccc3)cc2-c2ccccc2)c1,0.8663136659922678
c1ccc(-c2cc(-c3ccccc3)[s+](-c3ccccc3)c2)cc1,0.8663084534867087
C#Cc1ccc(N(c2ccccc2)c2ccc(C#C)cc2)cc1,0.866303501097514
c1ccc(P(=C2CCC2)(c2ccccc2)c2ccccc2)cc1,0.8662956794314887
c1ccc(N2N=c3ccccc3=P2(c2ccccc2)c2ccccc2)cc1,0.8662769754407404
c1ccc(B(Oc2cccc3cccnc23)c2ccccc2)cc1,0.8662744245157179
c1ccc(NC(c2ccccc2)c2ccc3ccccc3c2)cc1,0.8662627417120237
c1ccc(CSc2c3ncnc-3c3cccnc3n2-c2ccccc2)cc1,0.8662479092110085
c1ccc(-c2cc3c(cn2)cnn3-c2ccccc2)cc1,0.8662180387119676
c1ccc(Sc2c(-c3ccccc3)nc3ncccn23)cc1,0.8661741221397201
c1ccc(-c2cc3ccccc3c3[nH]c4ccccc4c23)cc1,0.8661588834531595
Cc1ccc(N=Cc2c(-c3ccccc3)cccc2-c2ccccc2)cc1,0.8661575406566708
c1ccc(Sc2ccc(-c3cccc4ccccc34)s2)cc1,0.8661467085193056
COc1ccc(-c2c(Br)c3ccccc3c3oc4ccccc4c23)cc1,0.8661085268716484
c1ccc(-c2nc(-c3cccnc3)nn2-c2ccccc2)cc1,0.8660912038957229
c1ccc(Nc2nn(-c3ccccc3)c3ccccc23)cc1,0.8660558566473908
c1ccc(CN(CSCCSCN(Cc2ccccc2)c2ccccc2)c2ccccc2)cc1,0.8660423413609324
Ic1ccc(Nc2ccc(-c3cccc4c3ccc3ccccc34)cc2)cc1,0.8660416523798553
Oc1ccc(-c2cccc3c2sc2ccccc23)cc1,0.8659344701406028
c1ccc(-c2ccccc2-c2cccnc2-c2ccccc2)cc1,0.8659215645498618
c1ccc(CP(Cc2ccccc2)c2cccc3ccccc23)cc1,0.8658979391622481
c1ccc([Sn](Sc2nc3ccccc3[nH]2)(c2ccccc2)c2ccccc2)cc1,0.8658944069715497
c1ccc(-c2cccc(-c3cccc4ccc(-c5ccccc5)nc34)n2)cc1,0.8658906231231722
c1ccc(-c2nc3ccccc3cc2Cc2ccco2)cc1,0.8658859800963445
c1ccc(Cc2cccc3c2ccc2c4ccccc4ccc32)cc1,0.8658702337296815
c1ccc2cc(Nc3cc4c5ccccc5sc4c4ccccc34)ccc2c1,0.865864879731652
c1ccc(P(n2c3ccccc3c3ccccc32)n2c3ccccc3c3ccccc32)cc1,0.8658401114420198
Cc1ccc(N(c2ccc(C)cc2)c2ccc(-c3ccccn3)cc2)cc1,0.865804615952942
c1ccc(-c2c3c4ccccc4ccc3n3ccccc23)cc1,0.865800917395029
c1ccc(COP2N(c3ccccc3)CCN2c2ccccc2)cc1,0.8657955965802694
c1ccc(SCN(CCN(CSc2ccccc2)c2ccccc2)c2ccccc2)cc1,0.8657752472767443
c1ccc(-c2occ(-c3ccc[nH]3)c2-c2ccccc2)cc1,0.8657463202307054
c1ccc(-c2cn(-c3c4ccccc4n4ccccc34)nn2)cc1,0.8657437491981884
c1ccc(-c2cn(-c3c4ccccc4nc4ccccc34)nn2)cc1,0.8657360723707657
c1ccc(-c2ccc(Nc3cccc4c3oc3c5ccccc5ccc43)cc2)cc1,0.8657278679682068
c1ccc(-c2ccc3c(c2)oc2cccnc23)cc1,0.865726288400728
c1ccc(P(=Nc2cnccn2)(c2ccccc2)c2ccccc2)cc1,0.8657189317109605
Cc1ccc(N=Nc2cnn(-c3ccccc3)c2-c2ccccc2)cc1,0.8657145999847312
Oc1ccc(-c2cccc3c2C(c2ccc(O)cc2)c2ccccc2-3)cc1,0.865703118877105
c1csc(C(CCn2cc3ccccc3c2)Oc2cccc3ccccc23)c1,0.8656842248394176
c1ccc(-c2nc(-c3ccc4c(c3)OCO4)nc3ccccc23)cc1,0.8656814322724431
Brc1cccc(-n2c3ccccc3c3ccc(-c4ccccc4)cc32)c1,0.8656720016955521
c1ccc(COCCCCCCCC[P+](c2ccccc2)(c2ccccc2)c2ccccc2)cc1,0.8656402288268261
c1ccc(SC(CCOC(c2ccccc2)c2ccccc2)c2ccccc2)cc1,0.8656389137023802
c1ccc(P(c2ccccc2)c2sccc2-n2ccnc2)cc1,0.8656228969689862
c1ccc([Si]2(c3ccccc3)c3ccccc3C3CCCCC32)cc1,0.8656157454381614
c1ccc([SiH2]c2cc3ccccc3c3ccccc23)cc1,0.8655677515033727
c1ccc(C2(c3ccccc3)SC2(c2ccccc2)c2ccccc2)cc1,0.8655207988681224
c1ccc(C2c3nnnn3-c3ccccc3N2C2CCCCC2)cc1,0.8655178649726041
COc1ccc([Se]c2c(-c3ccccc3)nc3ccccn23)cc1,0.8654831781018321
COc1ccc(COn2c(-c3ccccc3)nc3ccccc32)cc1,0.8654680425657733
COc1ccc(-c2ccc(-c3cc(OC)cc4ccccc34)cc2)cc1,0.865459080763511
c1ccc(N2c3ccccc3B3c4ccccc4Oc4cccc2c43)cc1,0.8654098587849672
Cc1ccc(N(c2ccc(C)cc2)c2ccc(-c3ccccc3C)cc2)cc1,0.8653880727331202
Brc1cc(-c2ccc3sc4ccccc4c3c2)cc2ccccc12,0.8653728290944772
Cc1ccc(-c2cccc(N(c3ccccc3)c3ccc(C)cc3)c2)cc1,0.8653669789254081
Brc1ccc(-c2ccc(-c3cccc4c3oc3c5ccccc5ccc43)cc2)cc1,0.8653619942363971
c1ccc(-n2cc(-c3nnc4n3CCCCC4)c3ccccc32)cc1,0.8653330290636575
c1ccc(S(c2ccccc2)(c2ccccc2)C2CCCCC2)cc1,0.8653293329183291
Oc1ccc(-c2c(-c3ccccc3)[nH]c3ccc(F)cc23)cc1,0.8653142718524829
Cc1ccc(N2c3ccccc3[Si](C)(C)c3ccccc32)cc1,0.8653063170223052
c1ccc(Cc2nnn(-c3ccccc3)c2-c2ccccc2)cc1,0.8653027825540167
c1ccc(C2=C(c3ccccc3)Oc3c(c4ccccc4c4ccccc34)O2)cc1,0.8652532954306869
c1ccc(C23Cc4ccccc4C2C2c4ccccc4CC23c2ccccc2)cc1,0.8652328689979234
c1ccc(-c2cc(-c3ccccc3)pc(-c3cccs3)c2)cc1,0.8652167585493221
C1=c2ccccc2=C(c2ccc3c(c2)[nH]c2ccccc23)CC1,0.8651925043275088
N#Cc1ccc(-c2nc3ccccc3c3c2ccc2ccccc23)cc1,0.8651789538879953
c1ccc(Cn2c(-c3ccccc3)nc3c4ccccc4c4ccccc4c32)cc1,0.8651624458665772
c1ccc(-c2cccc(-c3ccc4c5c(cccc35)-c3ccccc3-4)c2)cc1,0.8651590973881863
Oc1ccc(-c2c(-c3ccc(O)cc3)c3ccccc3c3ccccc23)cc1,0.8651586517116324
c1ccc(CCCCCCc2cccc(-c3cccc(-c4ccccn4)c3)c2)cc1,0.865144016850961
c1ccc(C2Oc3ccccc3C3=C2c2ccccc2OC3)cc1,0.8651338632753901
CO[Si](OC)(OC)c1ccc(N(c2ccccc2)c2ccc(C)cc2)cc1,0.8651325140965633
c1ccc(-n2c3nc4ccccc4c-3nc3ccccc32)cc1,0.865117213158437
c1ccc(-c2[nH]nc(-n3cnnc3)c2-c2ccccc2)cc1,0.8650921056423857
CCc1ccc(N(c2ccc(OC)cc2)c2ccc3ccccc3c2)cc1,0.8650716608403672
c1ccc(CONc2ncnc3sc(-c4ccccc4)cc23)cc1,0.8650641432440214
c1ccc(-c2cc(-c3cc4ccccc4o3)on2)cc1,0.8650429290473716
c1ccc(C(=NN(Cc2cccs2)c2ccccc2)c2ccccc2)cc1,0.8650304868693186
c1ccc(C2CO2)c(-c2cccc3ccccc23)c1,0.8650101416683745
c1ccc(-c2ccc(N(c3ccccc3)c3ccccc3)cn2)cc1,0.8650024522755373
c1ccc(-c2nc3c([nH]2)-c2ccccc2Cc2ccccc2-3)cc1,0.8649983717570668
c1ccc(-c2coc(Cc3ccsc3)c2-c2ccccc2)cc1,0.8649832530147399
CC(C)(c1ccccc1)c1ccc(-n2c3ccccc3c3ccccc32)cc1,0.8649684213689595
Cc1ccc(C2(OO)c3ccccc3-c3ccccc32)cc1,0.8649330793863657
C=COCCOCCOCc1ccc([B-](c2ccccc2)(c2ccccc2)c2ccccc2)cc1,0.8649159276414047
Cc1ccc([Te]C23c4ccccc4C(c4ccccc42)c2ccccc23)cc1,0.8648848092804431
c1ccc(COc2c3ccccc3c(OCc3ccccc3)c3ccccc23)cc1,0.8648726162423251
c1ccc([P+](Cc2ccc3sccc3n2)(c2ccccc2)c2ccccc2)cc1,0.8648430077643984
Cc1ccc(-c2ncn(C)c2-c2cccc(C)c2)cc1,0.8648180923440578
c1ccc([Te]c2c(-c3ccccc3)[se]c3sccc23)cc1,0.8648164896527436
Cc1ccc(-c2c3ccccc3cc3c2ccc2ccccc23)c(C)c1,0.8648154467313742
c1ccc([P+](CCC2CCCCC2)(c2ccccc2)c2ccccc2)cc1,0.8647957731069384
c1ccc(-n2c3c4ccccc4ccc3c3ccc4ccccc4c32)cc1,0.8647941138852763
COc1ccc(Sc2c(-c3ccc(C)cc3)sc3cc(C)ccc23)cc1,0.8647908622943763
COc1ccc(-c2cnc3ccccc3c2-c2cccs2)cc1,0.8647625945278601
c1ccc([Sn+](c2ccccc2)C2CCCCC2)cc1,0.8647625739313002
c1ccc(-c2ccc(Nc3cccc4c3sc3ccc5ccccc5c34)cc2)cc1,0.8647535803212879
Brc1ccc(-c2ccc3c(c2)c2ccccc2n3-c2ccccn2)cc1,0.8647289504550677
c1ccc(C[NH+]2CCOC(c3ccccc3)=C2c2ccccc2)cc1,0.8647248048428954
